季度,行业,F1_超配比例,F2_超配Zscore,F3_超配历史分位,F4_超配动量,F4b_超配动量Z,F5_HHI贡献,F9a_成交额占比%,F9b_成交额占比分位,F9c_成交额占比加速度,F9d_交易拥挤信号,F9_交易拥挤度,F10_S1_持仓拥挤,F10_S2_交易拥挤,F10_S3_筹码拥挤,F10_共振得分,F1d_超配比例_动态基准,F2d_超配Z_动态基准,F3d_超配分位_动态基准,B_基准权重_静态%,B_基准权重_动态%,F12_配置系数,F12s_配置系数_静态基准,F12b_基准权重%,F13_筹码盈利比例,F13b_筹码盈利比例_全历史,F14_ETF资金流强度,F15_拥挤背离,F15d_拥挤背离_动态基准,R_F1_超配比例_残差,R_F2_超配Z_残差,R_F3_超配分位_残差,R_F4b_动量Z_残差,R_F11_综合_残差,F11_综合拥挤度_推荐权重,F11_综合拥挤度_等权,F11_综合拥挤度_IC加权,F11_综合拥挤度_旧口径对照,配置比例%,超配比例%,拥挤等级,口径背离,行业涨跌幅%,成交额占比%
2016Q1,农林牧渔,,,,,,,,,,,,,,,,,,,0.75,0.75,,,0.75,,,,,,,,,,,,,,,,,数据不足,False,-11.61,
2016Q1,基础化工,,,,,,,,,,,,,,,,,,,1.88,1.88,,,1.88,,,,,,,,,,,,,,,,,数据不足,False,-16.91,
2016Q1,钢铁,,,,,,,,,,,,,,,,,,,0.39,0.39,,,0.39,,,,,,,,,,,,,,,,,数据不足,False,-17.6,
2016Q1,有色金属,,,,,,,,,,,,,,,,,,,5.25,5.25,,,5.25,,,,,,,,,,,,,,,,,数据不足,False,-11.3,
2016Q1,电子,,,,,,,,,,,,,,,,,,,24.21,24.21,,,24.21,,,,,,,,,,,,,,,,,数据不足,False,-18.12,
2016Q1,汽车,,,,,,,,,,,,,,,,,,,2.63,2.63,,,2.63,,,,,,,,,,,,,,,,,数据不足,False,-14.96,
2016Q1,家用电器,,,,,,,,,,,,,,,,,,,2.51,2.51,,,2.51,,,,,,,,,,,,,,,,,数据不足,False,-15.08,
2016Q1,食品饮料,,,,,,,,,,,,,,,,,,,4.71,4.71,,,4.71,,,,,,,,,,,,,,,,,数据不足,False,-8.02,
2016Q1,纺织服饰,,,,,,,,,,,,,,,,,,,,,,,,,,,,,,,,,,,,,,,,数据不足,False,-15.81,
2016Q1,轻工制造,,,,,,,,,,,,,,,,,,,,,,,,,,,,,,,,,,,,,,,,数据不足,False,-19.84,
2016Q1,医药生物,,,,,,,,,,,,,,,,,,,3.52,3.52,,,3.52,,,,,,,,,,,,,,,,,数据不足,False,-18.6,
2016Q1,公用事业,,,,,,,,,,,,,,,,,,,2.48,2.48,,,2.48,,,,,,,,,,,,,,,,,数据不足,False,-19.19,
2016Q1,交通运输,,,,,,,,,,,,,,,,,,,2.42,2.42,,,2.42,,,,,,,,,,,,,,,,,数据不足,False,-19.04,
2016Q1,房地产,,,,,,,,,,,,,,,,,,,0.33,0.33,,,0.33,,,,,,,,,,,,,,,,,数据不足,False,-18.14,
2016Q1,商贸零售,,,,,,,,,,,,,,,,,,,0.28,0.28,,,0.28,,,,,,,,,,,,,,,,,数据不足,False,-18.8,
2016Q1,社会服务,,,,,,,,,,,,,,,,,,,,,,,,,,,,,,,,,,,,,,,,数据不足,False,-17.32,
2016Q1,银行,,,,,,,,,,,,,,,,,,,9.36,9.36,,,9.36,,,,,,,,,,,,,,,,,数据不足,False,-8.75,
2016Q1,非银金融,,,,,,,,,,,,,,,,,,,7.79,7.79,,,7.79,,,,,,,,,,,,,,,,,数据不足,False,-14.64,
2016Q1,综合,,,,,,,,,,,,,,,,,,,,,,,,,,,,,,,,,,,,,,,,数据不足,False,-20.34,
2016Q1,建筑材料,,,,,,,,,,,,,,,,,,,0.76,0.76,,,0.76,,,,,,,,,,,,,,,,,数据不足,False,-15.02,
2016Q1,建筑装饰,,,,,,,,,,,,,,,,,,,1.14,1.14,,,1.14,,,,,,,,,,,,,,,,,数据不足,False,-15.98,
2016Q1,电力设备,,,,,,,,,,,,,,,,,,,8.13,8.13,,,8.13,,,,,,,,,,,,,,,,,数据不足,False,-19.26,
2016Q1,机械设备,,,,,,,,,,,,,,,,,,,2.84,2.84,,,2.84,,,,,,,,,,,,,,,,,数据不足,False,-21.03,
2016Q1,国防军工,,,,,,,,,,,,,,,,,,,1.84,1.84,,,1.84,,,,,,,,,,,,,,,,,数据不足,False,-18.13,
2016Q1,计算机,,,,,,,,,,,,,,,,,,,3.04,3.04,,,3.04,,,,,,,,,,,,,,,,,数据不足,False,-22.29,
2016Q1,传媒,,,,,,,,,,,,,,,,,,,0.82,0.82,,,0.82,,,,,,,,,,,,,,,,,数据不足,False,-20.7,
2016Q1,通信,,,,,,,,,,,,,,,,,,,10.82,10.82,,,10.82,,,,,,,,,,,,,,,,,数据不足,False,-21.32,
2016Q1,煤炭,,,,,,,,,,,,,,,,,,,0.85,0.85,,,0.85,,,,,,,,,,,,,,,,,数据不足,False,-8.59,
2016Q1,石油石化,,,,,,,,,,,,,,,,,,,1.21,1.21,,,1.21,,,,,,,,,,,,,,,,,数据不足,False,-13.46,
2016Q1,环保,,,,,,,,,,,,,,,,,,,,,,,,,,,,,,,,,,,,,,,,数据不足,False,-20.62,
2016Q1,美容护理,,,,,,,,,,,,,,,,,,,0.05,0.05,,,0.05,,,,,,,,,,,,,,,,,数据不足,False,-18.29,
2016Q2,农林牧渔,,,,,,,,,,,,,,,,,,,0.75,0.61,,,0.61,,,,,,,,,,,,,,,,,数据不足,False,-2.22,
2016Q2,基础化工,,,,,,,,,,,,,,,,,,,1.88,1.54,,,1.54,,,,,,,,,,,,,,,,,数据不足,False,1.98,
2016Q2,钢铁,,,,,,,,,,,,,,,,,,,0.39,1.21,,,1.21,,,,,,,,,,,,,,,,,数据不足,False,-5.34,
2016Q2,有色金属,,,,,,,,,,,,,,,,,,,5.25,2.31,,,2.31,,,,,,,,,,,,,,,,,数据不足,False,6.94,
2016Q2,电子,,,,,,,,,,,,,,,,,,,24.21,2.34,,,2.34,,,,,,,,,,,,,,,,,数据不足,False,11.38,
2016Q2,汽车,,,,,,,,,,,,,,,,,,,2.63,3.14,,,3.14,,,,,,,,,,,,,,,,,数据不足,False,3.58,
2016Q2,家用电器,,,,,,,,,,,,,,,,,,,2.51,2.65,,,2.65,,,,,,,,,,,,,,,,,数据不足,False,5.11,
2016Q2,食品饮料,,,,,,,,,,,,,,,,,,,4.71,5.01,,,5.01,,,,,,,,,,,,,,,,,数据不足,False,9.53,
2016Q2,纺织服饰,,,,,,,,,,,,,,,,,,,,0.56,,,0.56,,,,,,,,,,,,,,,,,数据不足,False,-3.45,
2016Q2,轻工制造,,,,,,,,,,,,,,,,,,,,0.0,,,0.0,,,,,,,,,,,,,,,,,数据不足,False,1.38,
2016Q2,医药生物,,,,,,,,,,,,,,,,,,,3.52,5.4,,,5.4,,,,,,,,,,,,,,,,,数据不足,False,1.88,
2016Q2,公用事业,,,,,,,,,,,,,,,,,,,2.48,4.01,,,4.01,,,,,,,,,,,,,,,,,数据不足,False,-4.63,
2016Q2,交通运输,,,,,,,,,,,,,,,,,,,2.42,3.4,,,3.4,,,,,,,,,,,,,,,,,数据不足,False,-7.13,
2016Q2,房地产,,,,,,,,,,,,,,,,,,,0.33,5.84,,,5.84,,,,,,,,,,,,,,,,,数据不足,False,-3.59,
2016Q2,商贸零售,,,,,,,,,,,,,,,,,,,0.28,1.56,,,1.56,,,,,,,,,,,,,,,,,数据不足,False,-5.82,
2016Q2,社会服务,,,,,,,,,,,,,,,,,,,,0.17,,,0.17,,,,,,,,,,,,,,,,,数据不足,False,-6.88,
2016Q2,银行,,,,,,,,,,,,,,,,,,,9.36,18.49,,,18.49,,,,,,,,,,,,,,,,,数据不足,False,0.24,
2016Q2,非银金融,,,,,,,,,,,,,,,,,,,7.79,18.21,,,18.21,,,,,,,,,,,,,,,,,数据不足,False,-2.59,
2016Q2,综合,,,,,,,,,,,,,,,,,,,,0.0,,,0.0,,,,,,,,,,,,,,,,,数据不足,False,-1.63,
2016Q2,建筑材料,,,,,,,,,,,,,,,,,,,0.76,0.46,,,0.46,,,,,,,,,,,,,,,,,数据不足,False,-3.11,
2016Q2,建筑装饰,,,,,,,,,,,,,,,,,,,1.14,3.26,,,3.26,,,,,,,,,,,,,,,,,数据不足,False,-5.11,
2016Q2,电力设备,,,,,,,,,,,,,,,,,,,8.13,1.67,,,1.67,,,,,,,,,,,,,,,,,数据不足,False,3.93,
2016Q2,机械设备,,,,,,,,,,,,,,,,,,,2.84,2.87,,,2.87,,,,,,,,,,,,,,,,,数据不足,False,2.17,
2016Q2,国防军工,,,,,,,,,,,,,,,,,,,1.84,2.34,,,2.34,,,,,,,,,,,,,,,,,数据不足,False,-1.54,
2016Q2,计算机,,,,,,,,,,,,,,,,,,,3.04,4.51,,,4.51,,,,,,,,,,,,,,,,,数据不足,False,1.54,
2016Q2,传媒,,,,,,,,,,,,,,,,,,,0.82,4.06,,,4.06,,,,,,,,,,,,,,,,,数据不足,False,-5.96,
2016Q2,通信,,,,,,,,,,,,,,,,,,,10.82,1.54,,,1.54,,,,,,,,,,,,,,,,,数据不足,False,2.88,
2016Q2,煤炭,,,,,,,,,,,,,,,,,,,0.85,0.61,,,0.61,,,,,,,,,,,,,,,,,数据不足,False,-2.95,
2016Q2,石油石化,,,,,,,,,,,,,,,,,,,1.21,1.65,,,1.65,,,,,,,,,,,,,,,,,数据不足,False,-3.17,
2016Q2,环保,,,,,,,,,,,,,,,,,,,,0.56,,,0.56,,,,,,,,,,,,,,,,,数据不足,False,-1.59,
2016Q2,美容护理,,,,,,,,,,,,,,,,,,,0.05,0.0,,,0.0,,,,,,,,,,,,,,,,,数据不足,False,1.95,
2016Q3,农林牧渔,,,,,,,,,,,,,,,,,,,0.75,0.57,,,0.57,,,,,,,,,,,,,,,,,数据不足,False,1.45,
2016Q3,基础化工,,,,,,,,,,,,,,,,,,,1.88,1.59,,,1.59,,,,,,,,,,,,,,,,,数据不足,False,4.78,
2016Q3,钢铁,,,,,,,,,,,,,,,,,,,0.39,1.21,,,1.21,,,,,,,,,,,,,,,,,数据不足,False,6.84,
2016Q3,有色金属,,,,,,,,,,,,,,,,,,,5.25,2.19,,,2.19,,,,,,,,,,,,,,,,,数据不足,False,-2.31,
2016Q3,电子,,,,,,,,,,,,,,,,,,,24.21,2.52,,,2.52,,,,,,,,,,,,,,,,,数据不足,False,-1.83,
2016Q3,汽车,,,,,,,,,,,,,,,,,,,2.63,3.22,,,3.22,,,,,,,,,,,,,,,,,数据不足,False,1.79,
2016Q3,家用电器,,,,,,,,,,,,,,,,,,,2.51,2.88,,,2.88,,,,,,,,,,,,,,,,,数据不足,False,8.49,
2016Q3,食品饮料,,,,,,,,,,,,,,,,,,,4.71,4.88,,,4.88,,,,,,,,,,,,,,,,,数据不足,False,0.73,
2016Q3,纺织服饰,,,,,,,,,,,,,,,,,,,,0.55,,,0.55,,,,,,,,,,,,,,,,,数据不足,False,1.7,
2016Q3,轻工制造,,,,,,,,,,,,,,,,,,,,0.0,,,0.0,,,,,,,,,,,,,,,,,数据不足,False,5.19,
2016Q3,医药生物,,,,,,,,,,,,,,,,,,,3.52,5.7,,,5.7,,,,,,,,,,,,,,,,,数据不足,False,6.78,
2016Q3,公用事业,,,,,,,,,,,,,,,,,,,2.48,3.95,,,3.95,,,,,,,,,,,,,,,,,数据不足,False,6.34,
2016Q3,交通运输,,,,,,,,,,,,,,,,,,,2.42,3.37,,,3.37,,,,,,,,,,,,,,,,,数据不足,False,0.15,
2016Q3,房地产,,,,,,,,,,,,,,,,,,,0.33,6.15,,,6.15,,,,,,,,,,,,,,,,,数据不足,False,7.59,
2016Q3,商贸零售,,,,,,,,,,,,,,,,,,,0.28,1.54,,,1.54,,,,,,,,,,,,,,,,,数据不足,False,5.98,
2016Q3,社会服务,,,,,,,,,,,,,,,,,,,,0.16,,,0.16,,,,,,,,,,,,,,,,,数据不足,False,5.47,
2016Q3,银行,,,,,,,,,,,,,,,,,,,9.36,18.45,,,18.45,,,,,,,,,,,,,,,,,数据不足,False,3.08,
2016Q3,非银金融,,,,,,,,,,,,,,,,,,,7.79,17.82,,,17.82,,,,,,,,,,,,,,,,,数据不足,False,1.68,
2016Q3,综合,,,,,,,,,,,,,,,,,,,,0.0,,,0.0,,,,,,,,,,,,,,,,,数据不足,False,9.66,
2016Q3,建筑材料,,,,,,,,,,,,,,,,,,,0.76,0.51,,,0.51,,,,,,,,,,,,,,,,,数据不足,False,12.73,
2016Q3,建筑装饰,,,,,,,,,,,,,,,,,,,1.14,3.44,,,3.44,,,,,,,,,,,,,,,,,数据不足,False,9.14,
2016Q3,电力设备,,,,,,,,,,,,,,,,,,,8.13,1.73,,,1.73,,,,,,,,,,,,,,,,,数据不足,False,-2.0,
2016Q3,机械设备,,,,,,,,,,,,,,,,,,,2.84,2.78,,,2.78,,,,,,,,,,,,,,,,,数据不足,False,-0.39,
2016Q3,国防军工,,,,,,,,,,,,,,,,,,,1.84,2.25,,,2.25,,,,,,,,,,,,,,,,,数据不足,False,-1.19,
2016Q3,计算机,,,,,,,,,,,,,,,,,,,3.04,4.25,,,4.25,,,,,,,,,,,,,,,,,数据不足,False,-5.86,
2016Q3,传媒,,,,,,,,,,,,,,,,,,,0.82,3.77,,,3.77,,,,,,,,,,,,,,,,,数据不足,False,-2.8,
2016Q3,通信,,,,,,,,,,,,,,,,,,,10.82,1.64,,,1.64,,,,,,,,,,,,,,,,,数据不足,False,3.92,
2016Q3,煤炭,,,,,,,,,,,,,,,,,,,0.85,0.64,,,0.64,,,,,,,,,,,,,,,,,数据不足,False,13.83,
2016Q3,石油石化,,,,,,,,,,,,,,,,,,,1.21,1.6,,,1.6,,,,,,,,,,,,,,,,,数据不足,False,2.93,
2016Q3,环保,,,,,,,,,,,,,,,,,,,,0.63,,,0.63,,,,,,,,,,,,,,,,,数据不足,False,12.58,
2016Q3,美容护理,,,,,,,,,,,,,,,,,,,0.05,0.0,,,0.0,,,,,,,,,,,,,,,,,数据不足,False,5.33,
2016Q4,农林牧渔,,,,,,,,,,,,,,,,,,,0.75,0.78,,,0.78,,,,,,,,,,,,,,,,,数据不足,False,4.26,
2016Q4,基础化工,,,,,,,,,,,,,,,,,,,1.88,1.84,,,1.84,,,,,,,,,,,,,,,,,数据不足,False,4.6,
2016Q4,钢铁,,,,,,,,,,,,,,,,,,,0.39,1.1,,,1.1,,,,,,,,,,,,,,,,,数据不足,False,10.24,
2016Q4,有色金属,,,,,,,,,,,,,,,,,,,5.25,2.52,,,2.52,,,,,,,,,,,,,,,,,数据不足,False,1.26,
2016Q4,电子,,,,,,,,,,,,,,,,,,,24.21,2.69,,,2.69,,,,,,,,,,,,,,,,,数据不足,False,-2.49,
2016Q4,汽车,,,,,,,,,,,,,,,,,,,2.63,3.45,,,3.45,,,,,,,,,,,,,,,,,数据不足,False,0.9,
2016Q4,家用电器,,,,,,,,,,,,,,,,,,,2.51,3.3,,,3.3,,,,,,,,,,,,,,,,,数据不足,False,1.34,
2016Q4,食品饮料,,,,,,,,,,,,,,,,,,,4.71,4.77,,,4.77,,,,,,,,,,,,,,,,,数据不足,False,5.87,
2016Q4,纺织服饰,,,,,,,,,,,,,,,,,,,,0.39,,,0.39,,,,,,,,,,,,,,,,,数据不足,False,4.56,
2016Q4,轻工制造,,,,,,,,,,,,,,,,,,,,0.0,,,0.0,,,,,,,,,,,,,,,,,数据不足,False,0.19,
2016Q4,医药生物,,,,,,,,,,,,,,,,,,,3.52,4.86,,,4.86,,,,,,,,,,,,,,,,,数据不足,False,-2.28,
2016Q4,公用事业,,,,,,,,,,,,,,,,,,,2.48,3.0,,,3.0,,,,,,,,,,,,,,,,,数据不足,False,0.43,
2016Q4,交通运输,,,,,,,,,,,,,,,,,,,2.42,3.21,,,3.21,,,,,,,,,,,,,,,,,数据不足,False,2.78,
2016Q4,房地产,,,,,,,,,,,,,,,,,,,0.33,5.51,,,5.51,,,,,,,,,,,,,,,,,数据不足,False,-3.06,
2016Q4,商贸零售,,,,,,,,,,,,,,,,,,,0.28,1.54,,,1.54,,,,,,,,,,,,,,,,,数据不足,False,6.77,
2016Q4,社会服务,,,,,,,,,,,,,,,,,,,,0.18,,,0.18,,,,,,,,,,,,,,,,,数据不足,False,-2.95,
2016Q4,银行,,,,,,,,,,,,,,,,,,,9.36,17.83,,,17.83,,,,,,,,,,,,,,,,,数据不足,False,0.83,
2016Q4,非银金融,,,,,,,,,,,,,,,,,,,7.79,18.12,,,18.12,,,,,,,,,,,,,,,,,数据不足,False,0.91,
2016Q4,综合,,,,,,,,,,,,,,,,,,,,0.0,,,0.0,,,,,,,,,,,,,,,,,数据不足,False,1.38,
2016Q4,建筑材料,,,,,,,,,,,,,,,,,,,0.76,0.37,,,0.37,,,,,,,,,,,,,,,,,数据不足,False,7.77,
2016Q4,建筑装饰,,,,,,,,,,,,,,,,,,,1.14,4.54,,,4.54,,,,,,,,,,,,,,,,,数据不足,False,14.43,
2016Q4,电力设备,,,,,,,,,,,,,,,,,,,8.13,2.01,,,2.01,,,,,,,,,,,,,,,,,数据不足,False,0.7,
2016Q4,机械设备,,,,,,,,,,,,,,,,,,,2.84,2.83,,,2.83,,,,,,,,,,,,,,,,,数据不足,False,3.47,
2016Q4,国防军工,,,,,,,,,,,,,,,,,,,1.84,2.39,,,2.39,,,,,,,,,,,,,,,,,数据不足,False,2.23,
2016Q4,计算机,,,,,,,,,,,,,,,,,,,3.04,4.35,,,4.35,,,,,,,,,,,,,,,,,数据不足,False,-6.21,
2016Q4,传媒,,,,,,,,,,,,,,,,,,,0.82,3.53,,,3.53,,,,,,,,,,,,,,,,,数据不足,False,-6.72,
2016Q4,通信,,,,,,,,,,,,,,,,,,,10.82,2.0,,,2.0,,,,,,,,,,,,,,,,,数据不足,False,-0.08,
2016Q4,煤炭,,,,,,,,,,,,,,,,,,,0.85,0.64,,,0.64,,,,,,,,,,,,,,,,,数据不足,False,-0.9,
2016Q4,石油石化,,,,,,,,,,,,,,,,,,,1.21,1.61,,,1.61,,,,,,,,,,,,,,,,,数据不足,False,11.62,
2016Q4,环保,,,,,,,,,,,,,,,,,,,,0.65,,,0.65,,,,,,,,,,,,,,,,,数据不足,False,-2.66,
2016Q4,美容护理,,,,,,,,,,,,,,,,,,,0.05,0.0,,,0.0,,,,,,,,,,,,,,,,,数据不足,False,2.13,
2017Q1,农林牧渔,,,,,,,,,,,,,,,,,,,0.75,0.75,,,0.75,,,,,,,,,,,,,,,,,数据不足,False,-3.99,
2017Q1,基础化工,,,,,,,,,,,,,,,,,,,1.88,1.88,,,1.88,,,,,,,,,,,,,,,,,数据不足,False,0.47,
2017Q1,钢铁,,,,,,,,,,,,,,,,,,,0.39,0.39,,,0.39,,,,,,,,,,,,,,,,,数据不足,False,6.07,
2017Q1,有色金属,,,,,,,,,,,,,,,,,,,5.25,5.25,,,5.25,,,,,,,,,,,,,,,,,数据不足,False,4.83,
2017Q1,电子,,,,,,,,,,,,,,,,,,,24.21,24.21,,,24.21,,,,,,,,,,,,,,,,,数据不足,False,5.02,
2017Q1,汽车,,,,,,,,,,,,,,,,,,,2.63,2.63,,,2.63,,,,,,,,,,,,,,,,,数据不足,False,4.4,
2017Q1,家用电器,,,,,,,,,,,,,,,,,,,2.51,2.51,,,2.51,,,,,,,,,,,,,,,,,数据不足,False,13.79,
2017Q1,食品饮料,,,,,,,,,,,,,,,,,,,4.71,4.71,,,4.71,,,,,,,,,,,,,,,,,数据不足,False,9.55,
2017Q1,纺织服饰,,,,,,,,,,,,,,,,,,,,,,,,,,,,,,,,,,,,,,,,数据不足,False,-3.78,
2017Q1,轻工制造,,,,,,,,,,,,,,,,,,,,,,,,,,,,,,,,,,,,,,,,数据不足,False,1.81,
2017Q1,医药生物,,,,,,,,,,,,,,,,,,,3.52,3.52,,,3.52,,,,,,,,,,,,,,,,,数据不足,False,0.71,
2017Q1,公用事业,,,,,,,,,,,,,,,,,,,2.48,2.48,,,2.48,,,,,,,,,,,,,,,,,数据不足,False,2.74,
2017Q1,交通运输,,,,,,,,,,,,,,,,,,,2.42,2.42,,,2.42,,,,,,,,,,,,,,,,,数据不足,False,5.62,
2017Q1,房地产,,,,,,,,,,,,,,,,,,,0.33,0.33,,,0.33,,,,,,,,,,,,,,,,,数据不足,False,-0.74,
2017Q1,商贸零售,,,,,,,,,,,,,,,,,,,0.28,0.28,,,0.28,,,,,,,,,,,,,,,,,数据不足,False,-3.25,
2017Q1,社会服务,,,,,,,,,,,,,,,,,,,,,,,,,,,,,,,,,,,,,,,,数据不足,False,3.82,
2017Q1,银行,,,,,,,,,,,,,,,,,,,9.36,9.36,,,9.36,,,,,,,,,,,,,,,,,数据不足,False,3.73,
2017Q1,非银金融,,,,,,,,,,,,,,,,,,,7.79,7.79,,,7.79,,,,,,,,,,,,,,,,,数据不足,False,-0.86,
2017Q1,综合,,,,,,,,,,,,,,,,,,,,,,,,,,,,,,,,,,,,,,,,数据不足,False,-3.33,
2017Q1,建筑材料,,,,,,,,,,,,,,,,,,,0.76,0.76,,,0.76,,,,,,,,,,,,,,,,,数据不足,False,5.8,
2017Q1,建筑装饰,,,,,,,,,,,,,,,,,,,1.14,1.14,,,1.14,,,,,,,,,,,,,,,,,数据不足,False,6.6,
2017Q1,电力设备,,,,,,,,,,,,,,,,,,,8.13,8.13,,,8.13,,,,,,,,,,,,,,,,,数据不足,False,0.71,
2017Q1,机械设备,,,,,,,,,,,,,,,,,,,2.84,2.84,,,2.84,,,,,,,,,,,,,,,,,数据不足,False,2.75,
2017Q1,国防军工,,,,,,,,,,,,,,,,,,,1.84,1.84,,,1.84,,,,,,,,,,,,,,,,,数据不足,False,7.45,
2017Q1,计算机,,,,,,,,,,,,,,,,,,,3.04,3.04,,,3.04,,,,,,,,,,,,,,,,,数据不足,False,-2.2,
2017Q1,传媒,,,,,,,,,,,,,,,,,,,0.82,0.82,,,0.82,,,,,,,,,,,,,,,,,数据不足,False,-5.3,
2017Q1,通信,,,,,,,,,,,,,,,,,,,10.82,10.82,,,10.82,,,,,,,,,,,,,,,,,数据不足,False,-0.74,
2017Q1,煤炭,,,,,,,,,,,,,,,,,,,0.85,0.85,,,0.85,,,,,,,,,,,,,,,,,数据不足,False,5.91,
2017Q1,石油石化,,,,,,,,,,,,,,,,,,,1.21,1.21,,,1.21,,,,,,,,,,,,,,,,,数据不足,False,-1.86,
2017Q1,环保,,,,,,,,,,,,,,,,,,,,,,,,,,,,,,,,,,,,,,,,数据不足,False,4.73,
2017Q1,美容护理,,,,,,,,,,,,,,,,,,,0.05,0.05,,,0.05,,,,,,,,,,,,,,,,,数据不足,False,7.13,
2017Q2,农林牧渔,,,,,,,,,,,,,,,,,,,0.75,0.62,,,0.62,,,,,,,,,,,,,,,,,数据不足,False,-11.39,
2017Q2,基础化工,,,,,,,,,,,,,,,,,,,1.88,1.85,,,1.85,,,,,,,,,,,,,,,,,数据不足,False,-6.81,
2017Q2,钢铁,,,,,,,,,,,,,,,,,,,0.39,1.14,,,1.14,,,,,,,,,,,,,,,,,数据不足,False,-2.3,
2017Q2,有色金属,,,,,,,,,,,,,,,,,,,5.25,2.4,,,2.4,,,,,,,,,,,,,,,,,数据不足,False,-5.21,
2017Q2,电子,,,,,,,,,,,,,,,,,,,24.21,3.28,,,3.28,,,,,,,,,,,,,,,,,数据不足,False,-0.9,
2017Q2,汽车,,,,,,,,,,,,,,,,,,,2.63,3.48,,,3.48,,,,,,,,,,,,,,,,,数据不足,False,-2.63,
2017Q2,家用电器,,,,,,,,,,,,,,,,,,,2.51,4.53,,,4.53,,,,,,,,,,,,,,,,,数据不足,False,14.1,
2017Q2,食品饮料,,,,,,,,,,,,,,,,,,,4.71,5.62,,,5.62,,,,,,,,,,,,,,,,,数据不足,False,7.72,
2017Q2,纺织服饰,,,,,,,,,,,,,,,,,,,,0.32,,,0.32,,,,,,,,,,,,,,,,,数据不足,False,-10.99,
2017Q2,轻工制造,,,,,,,,,,,,,,,,,,,,0.03,,,0.03,,,,,,,,,,,,,,,,,数据不足,False,-9.63,
2017Q2,医药生物,,,,,,,,,,,,,,,,,,,3.52,5.13,,,5.13,,,,,,,,,,,,,,,,,数据不足,False,-0.61,
2017Q2,公用事业,,,,,,,,,,,,,,,,,,,2.48,2.9,,,2.9,,,,,,,,,,,,,,,,,数据不足,False,-1.59,
2017Q2,交通运输,,,,,,,,,,,,,,,,,,,2.42,3.22,,,3.22,,,,,,,,,,,,,,,,,数据不足,False,-1.61,
2017Q2,房地产,,,,,,,,,,,,,,,,,,,0.33,5.64,,,5.64,,,,,,,,,,,,,,,,,数据不足,False,-0.01,
2017Q2,商贸零售,,,,,,,,,,,,,,,,,,,0.28,1.38,,,1.38,,,,,,,,,,,,,,,,,数据不足,False,-7.8,
2017Q2,社会服务,,,,,,,,,,,,,,,,,,,,0.15,,,0.15,,,,,,,,,,,,,,,,,数据不足,False,-9.14,
2017Q2,银行,,,,,,,,,,,,,,,,,,,9.36,17.21,,,17.21,,,,,,,,,,,,,,,,,数据不足,False,3.06,
2017Q2,非银金融,,,,,,,,,,,,,,,,,,,7.79,17.59,,,17.59,,,,,,,,,,,,,,,,,数据不足,False,8.61,
2017Q2,综合,,,,,,,,,,,,,,,,,,,,0.16,,,0.16,,,,,,,,,,,,,,,,,数据不足,False,-11.39,
2017Q2,建筑材料,,,,,,,,,,,,,,,,,,,0.76,0.64,,,0.64,,,,,,,,,,,,,,,,,数据不足,False,-2.77,
2017Q2,建筑装饰,,,,,,,,,,,,,,,,,,,1.14,4.39,,,4.39,,,,,,,,,,,,,,,,,数据不足,False,-4.95,
2017Q2,电力设备,,,,,,,,,,,,,,,,,,,8.13,1.7,,,1.7,,,,,,,,,,,,,,,,,数据不足,False,-9.54,
2017Q2,机械设备,,,,,,,,,,,,,,,,,,,2.84,2.62,,,2.62,,,,,,,,,,,,,,,,,数据不足,False,-9.34,
2017Q2,国防军工,,,,,,,,,,,,,,,,,,,1.84,1.92,,,1.92,,,,,,,,,,,,,,,,,数据不足,False,-16.84,
2017Q2,计算机,,,,,,,,,,,,,,,,,,,3.04,4.15,,,4.15,,,,,,,,,,,,,,,,,数据不足,False,-3.32,
2017Q2,传媒,,,,,,,,,,,,,,,,,,,0.82,2.83,,,2.83,,,,,,,,,,,,,,,,,数据不足,False,-7.4,
2017Q2,通信,,,,,,,,,,,,,,,,,,,10.82,2.23,,,2.23,,,,,,,,,,,,,,,,,数据不足,False,-4.78,
2017Q2,煤炭,,,,,,,,,,,,,,,,,,,0.85,0.81,,,0.81,,,,,,,,,,,,,,,,,数据不足,False,-1.93,
2017Q2,石油石化,,,,,,,,,,,,,,,,,,,1.21,1.41,,,1.41,,,,,,,,,,,,,,,,,数据不足,False,-6.79,
2017Q2,环保,,,,,,,,,,,,,,,,,,,,0.66,,,0.66,,,,,,,,,,,,,,,,,数据不足,False,1.66,
2017Q2,美容护理,,,,,,,,,,,,,,,,,,,0.05,0.0,,,0.0,,,,,,,,,,,,,,,,,数据不足,False,-7.21,
2017Q3,农林牧渔,,,,,,,,,,,,,,,,,,,0.75,0.62,,,0.62,,,,,,,,,,,,,,,,,数据不足,False,2.07,
2017Q3,基础化工,,,,,,,,,,,,,,,,,,,1.88,1.99,,,1.99,,,,,,,,,,,,,,,,,数据不足,False,8.32,
2017Q3,钢铁,,,,,,,,,,,,,,,,,,,0.39,1.21,,,1.21,,,,,,,,,,,,,,,,,数据不足,False,18.96,
2017Q3,有色金属,,,,,,,,,,,,,,,,,,,5.25,2.88,,,2.88,,,,,,,,,,,,,,,,,数据不足,False,28.13,
2017Q3,电子,,,,,,,,,,,,,,,,,,,24.21,3.37,,,3.37,,,,,,,,,,,,,,,,,数据不足,False,9.77,
2017Q3,汽车,,,,,,,,,,,,,,,,,,,2.63,3.44,,,3.44,,,,,,,,,,,,,,,,,数据不足,False,4.84,
2017Q3,家用电器,,,,,,,,,,,,,,,,,,,2.51,4.23,,,4.23,,,,,,,,,,,,,,,,,数据不足,False,-1.65,
2017Q3,食品饮料,,,,,,,,,,,,,,,,,,,4.71,6.07,,,6.07,,,,,,,,,,,,,,,,,数据不足,False,11.52,
2017Q3,纺织服饰,,,,,,,,,,,,,,,,,,,,0.29,,,0.29,,,,,,,,,,,,,,,,,数据不足,False,-1.97,
2017Q3,轻工制造,,,,,,,,,,,,,,,,,,,,0.03,,,0.03,,,,,,,,,,,,,,,,,数据不足,False,5.19,
2017Q3,医药生物,,,,,,,,,,,,,,,,,,,3.52,4.81,,,4.81,,,,,,,,,,,,,,,,,数据不足,False,-0.08,
2017Q3,公用事业,,,,,,,,,,,,,,,,,,,2.48,2.72,,,2.72,,,,,,,,,,,,,,,,,数据不足,False,-3.14,
2017Q3,交通运输,,,,,,,,,,,,,,,,,,,2.42,3.17,,,3.17,,,,,,,,,,,,,,,,,数据不足,False,2.34,
2017Q3,房地产,,,,,,,,,,,,,,,,,,,0.33,5.32,,,5.32,,,,,,,,,,,,,,,,,数据不足,False,1.14,
2017Q3,商贸零售,,,,,,,,,,,,,,,,,,,0.28,1.44,,,1.44,,,,,,,,,,,,,,,,,数据不足,False,3.68,
2017Q3,社会服务,,,,,,,,,,,,,,,,,,,,0.12,,,0.12,,,,,,,,,,,,,,,,,数据不足,False,3.34,
2017Q3,银行,,,,,,,,,,,,,,,,,,,9.36,17.16,,,17.16,,,,,,,,,,,,,,,,,数据不足,False,3.99,
2017Q3,非银金融,,,,,,,,,,,,,,,,,,,7.79,18.14,,,18.14,,,,,,,,,,,,,,,,,数据不足,False,7.86,
2017Q3,综合,,,,,,,,,,,,,,,,,,,,0.16,,,0.16,,,,,,,,,,,,,,,,,数据不足,False,6.21,
2017Q3,建筑材料,,,,,,,,,,,,,,,,,,,0.76,0.65,,,0.65,,,,,,,,,,,,,,,,,数据不足,False,5.58,
2017Q3,建筑装饰,,,,,,,,,,,,,,,,,,,1.14,4.11,,,4.11,,,,,,,,,,,,,,,,,数据不足,False,0.37,
2017Q3,电力设备,,,,,,,,,,,,,,,,,,,8.13,1.64,,,1.64,,,,,,,,,,,,,,,,,数据不足,False,7.27,
2017Q3,机械设备,,,,,,,,,,,,,,,,,,,2.84,2.58,,,2.58,,,,,,,,,,,,,,,,,数据不足,False,2.45,
2017Q3,国防军工,,,,,,,,,,,,,,,,,,,1.84,1.89,,,1.89,,,,,,,,,,,,,,,,,数据不足,False,4.02,
2017Q3,计算机,,,,,,,,,,,,,,,,,,,3.04,4.18,,,4.18,,,,,,,,,,,,,,,,,数据不足,False,5.02,
2017Q3,传媒,,,,,,,,,,,,,,,,,,,0.82,2.63,,,2.63,,,,,,,,,,,,,,,,,数据不足,False,-3.09,
2017Q3,通信,,,,,,,,,,,,,,,,,,,10.82,2.37,,,2.37,,,,,,,,,,,,,,,,,数据不足,False,10.54,
2017Q3,煤炭,,,,,,,,,,,,,,,,,,,0.85,0.82,,,0.82,,,,,,,,,,,,,,,,,数据不足,False,15.92,
2017Q3,石油石化,,,,,,,,,,,,,,,,,,,1.21,1.35,,,1.35,,,,,,,,,,,,,,,,,数据不足,False,2.57,
2017Q3,环保,,,,,,,,,,,,,,,,,,,,0.62,,,0.62,,,,,,,,,,,,,,,,,数据不足,False,-3.19,
2017Q3,美容护理,,,,,,,,,,,,,,,,,,,0.05,0.0,,,0.0,,,,,,,,,,,,,,,,,数据不足,False,-0.53,
2017Q4,农林牧渔,,,,,,,,,,,,,,,,,,,0.75,0.47,,,0.47,,,,,,,,,,,,,,,,,数据不足,False,0.63,
2017Q4,基础化工,,,,,,,,,,,,,,,,,,,1.88,1.85,,,1.85,,,,,,,,,,,,,,,,,数据不足,False,-5.15,
2017Q4,钢铁,,,,,,,,,,,,,,,,,,,0.39,1.26,,,1.26,,,,,,,,,,,,,,,,,数据不足,False,-2.87,
2017Q4,有色金属,,,,,,,,,,,,,,,,,,,5.25,3.32,,,3.32,,,,,,,,,,,,,,,,,数据不足,False,-9.37,
2017Q4,电子,,,,,,,,,,,,,,,,,,,24.21,3.82,,,3.82,,,,,,,,,,,,,,,,,数据不足,False,-0.68,
2017Q4,汽车,,,,,,,,,,,,,,,,,,,2.63,3.55,,,3.55,,,,,,,,,,,,,,,,,数据不足,False,-6.66,
2017Q4,家用电器,,,,,,,,,,,,,,,,,,,2.51,4.62,,,4.62,,,,,,,,,,,,,,,,,数据不足,False,12.02,
2017Q4,食品饮料,,,,,,,,,,,,,,,,,,,4.71,7.17,,,7.17,,,,,,,,,,,,,,,,,数据不足,False,16.91,
2017Q4,纺织服饰,,,,,,,,,,,,,,,,,,,,0.27,,,0.27,,,,,,,,,,,,,,,,,数据不足,False,-9.3,
2017Q4,轻工制造,,,,,,,,,,,,,,,,,,,,0.24,,,0.24,,,,,,,,,,,,,,,,,数据不足,False,-9.72,
2017Q4,医药生物,,,,,,,,,,,,,,,,,,,3.52,5.47,,,5.47,,,,,,,,,,,,,,,,,数据不足,False,3.55,
2017Q4,公用事业,,,,,,,,,,,,,,,,,,,2.48,2.98,,,2.98,,,,,,,,,,,,,,,,,数据不足,False,-5.08,
2017Q4,交通运输,,,,,,,,,,,,,,,,,,,2.42,3.44,,,3.44,,,,,,,,,,,,,,,,,数据不足,False,0.17,
2017Q4,房地产,,,,,,,,,,,,,,,,,,,0.33,5.03,,,5.03,,,,,,,,,,,,,,,,,数据不足,False,0.43,
2017Q4,商贸零售,,,,,,,,,,,,,,,,,,,0.28,1.31,,,1.31,,,,,,,,,,,,,,,,,数据不足,False,-6.58,
2017Q4,社会服务,,,,,,,,,,,,,,,,,,,,0.12,,,0.12,,,,,,,,,,,,,,,,,数据不足,False,-1.69,
2017Q4,银行,,,,,,,,,,,,,,,,,,,9.36,16.84,,,16.84,,,,,,,,,,,,,,,,,数据不足,False,1.91,
2017Q4,非银金融,,,,,,,,,,,,,,,,,,,7.79,17.34,,,17.34,,,,,,,,,,,,,,,,,数据不足,False,0.99,
2017Q4,综合,,,,,,,,,,,,,,,,,,,,0.14,,,0.14,,,,,,,,,,,,,,,,,数据不足,False,-13.69,
2017Q4,建筑材料,,,,,,,,,,,,,,,,,,,0.76,0.65,,,0.65,,,,,,,,,,,,,,,,,数据不足,False,-2.36,
2017Q4,建筑装饰,,,,,,,,,,,,,,,,,,,1.14,3.52,,,3.52,,,,,,,,,,,,,,,,,数据不足,False,-7.82,
2017Q4,电力设备,,,,,,,,,,,,,,,,,,,8.13,2.02,,,2.02,,,,,,,,,,,,,,,,,数据不足,False,-6.33,
2017Q4,机械设备,,,,,,,,,,,,,,,,,,,2.84,2.41,,,2.41,,,,,,,,,,,,,,,,,数据不足,False,-5.9,
2017Q4,国防军工,,,,,,,,,,,,,,,,,,,1.84,1.44,,,1.44,,,,,,,,,,,,,,,,,数据不足,False,-10.31,
2017Q4,计算机,,,,,,,,,,,,,,,,,,,3.04,3.52,,,3.52,,,,,,,,,,,,,,,,,数据不足,False,-10.64,
2017Q4,传媒,,,,,,,,,,,,,,,,,,,0.82,2.17,,,2.17,,,,,,,,,,,,,,,,,数据不足,False,-9.52,
2017Q4,通信,,,,,,,,,,,,,,,,,,,10.82,2.27,,,2.27,,,,,,,,,,,,,,,,,数据不足,False,-7.21,
2017Q4,煤炭,,,,,,,,,,,,,,,,,,,0.85,1.01,,,1.01,,,,,,,,,,,,,,,,,数据不足,False,-6.26,
2017Q4,石油石化,,,,,,,,,,,,,,,,,,,1.21,1.23,,,1.23,,,,,,,,,,,,,,,,,数据不足,False,1.58,
2017Q4,环保,,,,,,,,,,,,,,,,,,,,0.53,,,0.53,,,,,,,,,,,,,,,,,数据不足,False,-5.5,
2017Q4,美容护理,,,,,,,,,,,,,,,,,,,0.05,0.0,,,0.0,,,,,,,,,,,,,,,,,数据不足,False,-3.29,
2018Q1,农林牧渔,,,,,,,,,,,,,,,,,,,0.75,0.75,,,0.75,,,,,,,,,,,,,,,,,数据不足,False,-7.42,
2018Q1,基础化工,,,,,,,,,,,,,,,,,,,1.88,1.88,,,1.88,,,,,,,,,,,,,,,,,数据不足,False,-3.5,
2018Q1,钢铁,,,,,,,,,,,,,,,,,,,0.39,0.39,,,0.39,,,,,,,,,,,,,,,,,数据不足,False,-5.7,
2018Q1,有色金属,,,,,,,,,,,,,,,,,,,5.25,5.25,,,5.25,,,,,,,,,,,,,,,,,数据不足,False,-5.84,
2018Q1,电子,,,,,,,,,,,,,,,,,,,24.21,24.21,,,24.21,,,,,,,,,,,,,,,,,数据不足,False,-3.82,
2018Q1,汽车,,,,,,,,,,,,,,,,,,,2.63,2.63,,,2.63,,,,,,,,,,,,,,,,,数据不足,False,-7.64,
2018Q1,家用电器,,,,,,,,,,,,,,,,,,,2.51,2.51,,,2.51,,,,,,,,,,,,,,,,,数据不足,False,-1.56,
2018Q1,食品饮料,,,,,,,,,,,,,,,,,,,4.71,4.71,,,4.71,,,,,,,,,,,,,,,,,数据不足,False,-7.09,
2018Q1,纺织服饰,,,,,,,,,,,,,,,,,,,,,,,,,,,,,,,,,,,,,,,,数据不足,False,-4.06,
2018Q1,轻工制造,,,,,,,,,,,,,,,,,,,,,,,,,,,,,,,,,,,,,,,,数据不足,False,-2.88,
2018Q1,医药生物,,,,,,,,,,,,,,,,,,,3.52,3.52,,,3.52,,,,,,,,,,,,,,,,,数据不足,False,5.96,
2018Q1,公用事业,,,,,,,,,,,,,,,,,,,2.48,2.48,,,2.48,,,,,,,,,,,,,,,,,数据不足,False,-7.05,
2018Q1,交通运输,,,,,,,,,,,,,,,,,,,2.42,2.42,,,2.42,,,,,,,,,,,,,,,,,数据不足,False,-5.2,
2018Q1,房地产,,,,,,,,,,,,,,,,,,,0.33,0.33,,,0.33,,,,,,,,,,,,,,,,,数据不足,False,-1.18,
2018Q1,商贸零售,,,,,,,,,,,,,,,,,,,0.28,0.28,,,0.28,,,,,,,,,,,,,,,,,数据不足,False,-2.11,
2018Q1,社会服务,,,,,,,,,,,,,,,,,,,,,,,,,,,,,,,,,,,,,,,,数据不足,False,6.37,
2018Q1,银行,,,,,,,,,,,,,,,,,,,9.36,9.36,,,9.36,,,,,,,,,,,,,,,,,数据不足,False,-2.09,
2018Q1,非银金融,,,,,,,,,,,,,,,,,,,7.79,7.79,,,7.79,,,,,,,,,,,,,,,,,数据不足,False,-8.29,
2018Q1,综合,,,,,,,,,,,,,,,,,,,,,,,,,,,,,,,,,,,,,,,,数据不足,False,-11.09,
2018Q1,建筑材料,,,,,,,,,,,,,,,,,,,0.76,0.76,,,0.76,,,,,,,,,,,,,,,,,数据不足,False,-1.31,
2018Q1,建筑装饰,,,,,,,,,,,,,,,,,,,1.14,1.14,,,1.14,,,,,,,,,,,,,,,,,数据不足,False,-6.97,
2018Q1,电力设备,,,,,,,,,,,,,,,,,,,8.13,8.13,,,8.13,,,,,,,,,,,,,,,,,数据不足,False,-4.77,
2018Q1,机械设备,,,,,,,,,,,,,,,,,,,2.84,2.84,,,2.84,,,,,,,,,,,,,,,,,数据不足,False,-7.07,
2018Q1,国防军工,,,,,,,,,,,,,,,,,,,1.84,1.84,,,1.84,,,,,,,,,,,,,,,,,数据不足,False,-2.21,
2018Q1,计算机,,,,,,,,,,,,,,,,,,,3.04,3.04,,,3.04,,,,,,,,,,,,,,,,,数据不足,False,11.33,
2018Q1,传媒,,,,,,,,,,,,,,,,,,,0.82,0.82,,,0.82,,,,,,,,,,,,,,,,,数据不足,False,-1.82,
2018Q1,通信,,,,,,,,,,,,,,,,,,,10.82,10.82,,,10.82,,,,,,,,,,,,,,,,,数据不足,False,-4.53,
2018Q1,煤炭,,,,,,,,,,,,,,,,,,,0.85,0.85,,,0.85,,,,,,,,,,,,,,,,,数据不足,False,-10.18,
2018Q1,石油石化,,,,,,,,,,,,,,,,,,,1.21,1.21,,,1.21,,,,,,,,,,,,,,,,,数据不足,False,-2.07,
2018Q1,环保,,,,,,,,,,,,,,,,,,,,,,,,,,,,,,,,,,,,,,,,数据不足,False,-10.45,
2018Q1,美容护理,,,,,,,,,,,,,,,,,,,0.05,0.05,,,0.05,,,,,,,,,,,,,,,,,数据不足,False,3.6,
2018Q2,农林牧渔,,,,,,,,,,,,,,,,,,,0.75,0.35,,,0.35,,,,,,,,,,,,,,,,,数据不足,False,-11.15,
2018Q2,基础化工,,,,,,,,,,,,,,,,,,,1.88,2.0,,,2.0,,,,,,,,,,,,,,,,,数据不足,False,-9.97,
2018Q2,钢铁,,,,,,,,,,,,,,,,,,,0.39,1.37,,,1.37,,,,,,,,,,,,,,,,,数据不足,False,-9.82,
2018Q2,有色金属,,,,,,,,,,,,,,,,,,,5.25,2.9,,,2.9,,,,,,,,,,,,,,,,,数据不足,False,-17.98,
2018Q2,电子,,,,,,,,,,,,,,,,,,,24.21,3.27,,,3.27,,,,,,,,,,,,,,,,,数据不足,False,-17.86,
2018Q2,汽车,,,,,,,,,,,,,,,,,,,2.63,3.56,,,3.56,,,,,,,,,,,,,,,,,数据不足,False,-11.02,
2018Q2,家用电器,,,,,,,,,,,,,,,,,,,2.51,5.32,,,5.32,,,,,,,,,,,,,,,,,数据不足,False,-4.95,
2018Q2,食品饮料,,,,,,,,,,,,,,,,,,,4.71,8.52,,,8.52,,,,,,,,,,,,,,,,,数据不足,False,7.78,
2018Q2,纺织服饰,,,,,,,,,,,,,,,,,,,,0.46,,,0.46,,,,,,,,,,,,,,,,,数据不足,False,-11.5,
2018Q2,轻工制造,,,,,,,,,,,,,,,,,,,,0.35,,,0.35,,,,,,,,,,,,,,,,,数据不足,False,-16.06,
2018Q2,医药生物,,,,,,,,,,,,,,,,,,,3.52,7.35,,,7.35,,,,,,,,,,,,,,,,,数据不足,False,-2.69,
2018Q2,公用事业,,,,,,,,,,,,,,,,,,,2.48,2.86,,,2.86,,,,,,,,,,,,,,,,,数据不足,False,-14.49,
2018Q2,交通运输,,,,,,,,,,,,,,,,,,,2.42,3.42,,,3.42,,,,,,,,,,,,,,,,,数据不足,False,-11.16,
2018Q2,房地产,,,,,,,,,,,,,,,,,,,0.33,4.53,,,4.53,,,,,,,,,,,,,,,,,数据不足,False,-17.88,
2018Q2,商贸零售,,,,,,,,,,,,,,,,,,,0.28,1.51,,,1.51,,,,,,,,,,,,,,,,,数据不足,False,-14.65,
2018Q2,社会服务,,,,,,,,,,,,,,,,,,,,0.16,,,0.16,,,,,,,,,,,,,,,,,数据不足,False,2.46,
2018Q2,银行,,,,,,,,,,,,,,,,,,,9.36,16.68,,,16.68,,,,,,,,,,,,,,,,,数据不足,False,-11.55,
2018Q2,非银金融,,,,,,,,,,,,,,,,,,,7.79,15.4,,,15.4,,,,,,,,,,,,,,,,,数据不足,False,-13.23,
2018Q2,综合,,,,,,,,,,,,,,,,,,,,0.09,,,0.09,,,,,,,,,,,,,,,,,数据不足,False,-22.58,
2018Q2,建筑材料,,,,,,,,,,,,,,,,,,,0.76,1.08,,,1.08,,,,,,,,,,,,,,,,,数据不足,False,-17.56,
2018Q2,建筑装饰,,,,,,,,,,,,,,,,,,,1.14,3.14,,,3.14,,,,,,,,,,,,,,,,,数据不足,False,-16.89,
2018Q2,电力设备,,,,,,,,,,,,,,,,,,,8.13,1.88,,,1.88,,,,,,,,,,,,,,,,,数据不足,False,-21.12,
2018Q2,机械设备,,,,,,,,,,,,,,,,,,,2.84,2.16,,,2.16,,,,,,,,,,,,,,,,,数据不足,False,-17.12,
2018Q2,国防军工,,,,,,,,,,,,,,,,,,,1.84,1.06,,,1.06,,,,,,,,,,,,,,,,,数据不足,False,-20.08,
2018Q2,计算机,,,,,,,,,,,,,,,,,,,3.04,3.83,,,3.83,,,,,,,,,,,,,,,,,数据不足,False,-15.08,
2018Q2,传媒,,,,,,,,,,,,,,,,,,,0.82,1.94,,,1.94,,,,,,,,,,,,,,,,,数据不足,False,-19.74,
2018Q2,通信,,,,,,,,,,,,,,,,,,,10.82,1.61,,,1.61,,,,,,,,,,,,,,,,,数据不足,False,-23.68,
2018Q2,煤炭,,,,,,,,,,,,,,,,,,,0.85,1.04,,,1.04,,,,,,,,,,,,,,,,,数据不足,False,-10.72,
2018Q2,石油石化,,,,,,,,,,,,,,,,,,,1.21,1.68,,,1.68,,,,,,,,,,,,,,,,,数据不足,False,-7.09,
2018Q2,环保,,,,,,,,,,,,,,,,,,,,0.46,,,0.46,,,,,,,,,,,,,,,,,数据不足,False,-18.14,
2018Q2,美容护理,,,,,,,,,,,,,,,,,,,0.05,0.0,,,0.0,,,,,,,,,,,,,,,,,数据不足,False,-6.71,
2018Q3,农林牧渔,,,,,,,,,,,,,,,,,,,0.75,0.35,,,0.35,,,,,,,,,,,,,,,,,数据不足,False,-5.66,
2018Q3,基础化工,,,,,,,,,,,,,,,,,,,1.88,1.86,,,1.86,,,,,,,,,,,,,,,,,数据不足,False,-5.54,
2018Q3,钢铁,,,,,,,,,,,,,,,,,,,0.39,1.42,,,1.42,,,,,,,,,,,,,,,,,数据不足,False,2.14,
2018Q3,有色金属,,,,,,,,,,,,,,,,,,,5.25,2.68,,,2.68,,,,,,,,,,,,,,,,,数据不足,False,-11.16,
2018Q3,电子,,,,,,,,,,,,,,,,,,,24.21,2.94,,,2.94,,,,,,,,,,,,,,,,,数据不足,False,-14.44,
2018Q3,汽车,,,,,,,,,,,,,,,,,,,2.63,3.42,,,3.42,,,,,,,,,,,,,,,,,数据不足,False,-9.45,
2018Q3,家用电器,,,,,,,,,,,,,,,,,,,2.51,4.42,,,4.42,,,,,,,,,,,,,,,,,数据不足,False,-17.49,
2018Q3,食品饮料,,,,,,,,,,,,,,,,,,,4.71,8.3,,,8.3,,,,,,,,,,,,,,,,,数据不足,False,-5.29,
2018Q3,纺织服饰,,,,,,,,,,,,,,,,,,,,0.42,,,0.42,,,,,,,,,,,,,,,,,数据不足,False,-15.12,
2018Q3,轻工制造,,,,,,,,,,,,,,,,,,,,0.25,,,0.25,,,,,,,,,,,,,,,,,数据不足,False,-12.67,
2018Q3,医药生物,,,,,,,,,,,,,,,,,,,3.52,6.51,,,6.51,,,,,,,,,,,,,,,,,数据不足,False,-14.47,
2018Q3,公用事业,,,,,,,,,,,,,,,,,,,2.48,2.97,,,2.97,,,,,,,,,,,,,,,,,数据不足,False,-4.18,
2018Q3,交通运输,,,,,,,,,,,,,,,,,,,2.42,3.18,,,3.18,,,,,,,,,,,,,,,,,数据不足,False,-7.09,
2018Q3,房地产,,,,,,,,,,,,,,,,,,,0.33,4.45,,,4.45,,,,,,,,,,,,,,,,,数据不足,False,-7.25,
2018Q3,商贸零售,,,,,,,,,,,,,,,,,,,0.28,1.56,,,1.56,,,,,,,,,,,,,,,,,数据不足,False,-7.79,
2018Q3,社会服务,,,,,,,,,,,,,,,,,,,,0.15,,,0.15,,,,,,,,,,,,,,,,,数据不足,False,-7.04,
2018Q3,银行,,,,,,,,,,,,,,,,,,,9.36,18.59,,,18.59,,,,,,,,,,,,,,,,,数据不足,False,8.96,
2018Q3,非银金融,,,,,,,,,,,,,,,,,,,7.79,16.5,,,16.5,,,,,,,,,,,,,,,,,数据不足,False,4.58,
2018Q3,综合,,,,,,,,,,,,,,,,,,,,0.06,,,0.06,,,,,,,,,,,,,,,,,数据不足,False,-8.43,
2018Q3,建筑材料,,,,,,,,,,,,,,,,,,,0.76,1.17,,,1.17,,,,,,,,,,,,,,,,,数据不足,False,-1.72,
2018Q3,建筑装饰,,,,,,,,,,,,,,,,,,,1.14,3.37,,,3.37,,,,,,,,,,,,,,,,,数据不足,False,-1.11,
2018Q3,电力设备,,,,,,,,,,,,,,,,,,,8.13,1.9,,,1.9,,,,,,,,,,,,,,,,,数据不足,False,-7.63,
2018Q3,机械设备,,,,,,,,,,,,,,,,,,,2.84,2.11,,,2.11,,,,,,,,,,,,,,,,,数据不足,False,-7.76,
2018Q3,国防军工,,,,,,,,,,,,,,,,,,,1.84,1.12,,,1.12,,,,,,,,,,,,,,,,,数据不足,False,1.82,
2018Q3,计算机,,,,,,,,,,,,,,,,,,,3.04,3.42,,,3.42,,,,,,,,,,,,,,,,,数据不足,False,-7.18,
2018Q3,传媒,,,,,,,,,,,,,,,,,,,0.82,1.74,,,1.74,,,,,,,,,,,,,,,,,数据不足,False,-14.32,
2018Q3,通信,,,,,,,,,,,,,,,,,,,10.82,1.82,,,1.82,,,,,,,,,,,,,,,,,数据不足,False,-1.79,
2018Q3,煤炭,,,,,,,,,,,,,,,,,,,0.85,1.05,,,1.05,,,,,,,,,,,,,,,,,数据不足,False,-3.02,
2018Q3,石油石化,,,,,,,,,,,,,,,,,,,1.21,1.91,,,1.91,,,,,,,,,,,,,,,,,数据不足,False,9.36,
2018Q3,环保,,,,,,,,,,,,,,,,,,,,0.36,,,0.36,,,,,,,,,,,,,,,,,数据不足,False,-15.61,
2018Q3,美容护理,,,,,,,,,,,,,,,,,,,0.05,0.0,,,0.0,,,,,,,,,,,,,,,,,数据不足,False,-14.48,
2018Q4,农林牧渔,,,,,,,,,,,,,,,,,,,0.75,0.55,,,0.55,,,,,,,,,,,,,,,,,数据不足,False,-0.07,
2018Q4,基础化工,,,,,,,,,,,,,,,,,,,1.88,1.6,,,1.6,,,,,,,,,,,,,,,,,数据不足,False,-16.81,
2018Q4,钢铁,,,,,,,,,,,,,,,,,,,0.39,1.39,,,1.39,,,,,,,,,,,,,,,,,数据不足,False,-18.97,
2018Q4,有色金属,,,,,,,,,,,,,,,,,,,5.25,2.69,,,2.69,,,,,,,,,,,,,,,,,数据不足,False,-14.06,
2018Q4,电子,,,,,,,,,,,,,,,,,,,24.21,3.03,,,3.03,,,,,,,,,,,,,,,,,数据不足,False,-14.73,
2018Q4,汽车,,,,,,,,,,,,,,,,,,,2.63,3.23,,,3.23,,,,,,,,,,,,,,,,,数据不足,False,-11.77,
2018Q4,家用电器,,,,,,,,,,,,,,,,,,,2.51,4.53,,,4.53,,,,,,,,,,,,,,,,,数据不足,False,-11.14,
2018Q4,食品饮料,,,,,,,,,,,,,,,,,,,4.71,7.58,,,7.58,,,,,,,,,,,,,,,,,数据不足,False,-17.71,
2018Q4,纺织服饰,,,,,,,,,,,,,,,,,,,,0.35,,,0.35,,,,,,,,,,,,,,,,,数据不足,False,-8.87,
2018Q4,轻工制造,,,,,,,,,,,,,,,,,,,,0.22,,,0.22,,,,,,,,,,,,,,,,,数据不足,False,-10.97,
2018Q4,医药生物,,,,,,,,,,,,,,,,,,,3.52,6.55,,,6.55,,,,,,,,,,,,,,,,,数据不足,False,-17.99,
2018Q4,公用事业,,,,,,,,,,,,,,,,,,,2.48,3.26,,,3.26,,,,,,,,,,,,,,,,,数据不足,False,-7.71,
2018Q4,交通运输,,,,,,,,,,,,,,,,,,,2.42,3.4,,,3.4,,,,,,,,,,,,,,,,,数据不足,False,-10.76,
2018Q4,房地产,,,,,,,,,,,,,,,,,,,0.33,4.59,,,4.59,,,,,,,,,,,,,,,,,数据不足,False,-5.39,
2018Q4,商贸零售,,,,,,,,,,,,,,,,,,,0.28,1.48,,,1.48,,,,,,,,,,,,,,,,,数据不足,False,-12.64,
2018Q4,社会服务,,,,,,,,,,,,,,,,,,,,0.16,,,0.16,,,,,,,,,,,,,,,,,数据不足,False,-11.76,
2018Q4,银行,,,,,,,,,,,,,,,,,,,9.36,18.48,,,18.48,,,,,,,,,,,,,,,,,数据不足,False,-9.57,
2018Q4,非银金融,,,,,,,,,,,,,,,,,,,7.79,16.46,,,16.46,,,,,,,,,,,,,,,,,数据不足,False,-10.33,
2018Q4,综合,,,,,,,,,,,,,,,,,,,,0.0,,,0.0,,,,,,,,,,,,,,,,,数据不足,False,-3.69,
2018Q4,建筑材料,,,,,,,,,,,,,,,,,,,0.76,1.21,,,1.21,,,,,,,,,,,,,,,,,数据不足,False,-12.83,
2018Q4,建筑装饰,,,,,,,,,,,,,,,,,,,1.14,3.83,,,3.83,,,,,,,,,,,,,,,,,数据不足,False,-7.5,
2018Q4,电力设备,,,,,,,,,,,,,,,,,,,8.13,2.05,,,2.05,,,,,,,,,,,,,,,,,数据不足,False,-6.24,
2018Q4,机械设备,,,,,,,,,,,,,,,,,,,2.84,2.4,,,2.4,,,,,,,,,,,,,,,,,数据不足,False,-8.66,
2018Q4,国防军工,,,,,,,,,,,,,,,,,,,1.84,1.43,,,1.43,,,,,,,,,,,,,,,,,数据不足,False,-13.34,
2018Q4,计算机,,,,,,,,,,,,,,,,,,,3.04,3.3,,,3.3,,,,,,,,,,,,,,,,,数据不足,False,-14.0,
2018Q4,传媒,,,,,,,,,,,,,,,,,,,0.82,1.23,,,1.23,,,,,,,,,,,,,,,,,数据不足,False,-10.52,
2018Q4,通信,,,,,,,,,,,,,,,,,,,10.82,1.77,,,1.77,,,,,,,,,,,,,,,,,数据不足,False,-4.01,
2018Q4,煤炭,,,,,,,,,,,,,,,,,,,0.85,0.96,,,0.96,,,,,,,,,,,,,,,,,数据不足,False,-13.5,
2018Q4,石油石化,,,,,,,,,,,,,,,,,,,1.21,2.04,,,2.04,,,,,,,,,,,,,,,,,数据不足,False,-24.89,
2018Q4,环保,,,,,,,,,,,,,,,,,,,,0.24,,,0.24,,,,,,,,,,,,,,,,,数据不足,False,-12.1,
2018Q4,美容护理,,,,,,,,,,,,,,,,,,,0.05,0.0,,,0.0,,,,,,,,,,,,,,,,,数据不足,False,-6.59,
2019Q1,农林牧渔,,,,,,,,,,,,,,,,,,,0.75,0.74,,,0.74,,,,,,,,,,,,,,,,,数据不足,False,48.42,
2019Q1,基础化工,,,,,,,,,,,,,,,,,,,1.88,1.69,,,1.69,,,,,,,,,,,,,,,,,数据不足,False,29.81,
2019Q1,钢铁,,,,,,,,,,,,,,,,,,,0.39,1.27,,,1.27,,,,,,,,,,,,,,,,,数据不足,False,20.96,
2019Q1,有色金属,,,,,,,,,,,,,,,,,,,5.25,2.46,,,2.46,,,,,,,,,,,,,,,,,数据不足,False,23.81,
2019Q1,电子,,,,,,,,,,,,,,,,,,,24.21,3.44,,,3.44,,,,,,,,,,,,,,,,,数据不足,False,41.06,
2019Q1,汽车,,,,,,,,,,,,,,,,,,,2.63,2.83,,,2.83,,,,,,,,,,,,,,,,,数据不足,False,19.55,
2019Q1,家用电器,,,,,,,,,,,,,,,,,,,2.51,4.64,,,4.64,,,,,,,,,,,,,,,,,数据不足,False,34.41,
2019Q1,食品饮料,,,,,,,,,,,,,,,,,,,4.71,8.55,,,8.55,,,,,,,,,,,,,,,,,数据不足,False,43.58,
2019Q1,纺织服饰,,,,,,,,,,,,,,,,,,,,0.33,,,0.33,,,,,,,,,,,,,,,,,数据不足,False,25.67,
2019Q1,轻工制造,,,,,,,,,,,,,,,,,,,,0.26,,,0.26,,,,,,,,,,,,,,,,,数据不足,False,32.88,
2019Q1,医药生物,,,,,,,,,,,,,,,,,,,3.52,6.66,,,6.66,,,,,,,,,,,,,,,,,数据不足,False,31.47,
2019Q1,公用事业,,,,,,,,,,,,,,,,,,,2.48,2.68,,,2.68,,,,,,,,,,,,,,,,,数据不足,False,17.8,
2019Q1,交通运输,,,,,,,,,,,,,,,,,,,2.42,3.29,,,3.29,,,,,,,,,,,,,,,,,数据不足,False,25.48,
2019Q1,房地产,,,,,,,,,,,,,,,,,,,0.33,4.72,,,4.72,,,,,,,,,,,,,,,,,数据不足,False,32.12,
2019Q1,商贸零售,,,,,,,,,,,,,,,,,,,0.28,1.37,,,1.37,,,,,,,,,,,,,,,,,数据不足,False,27.67,
2019Q1,社会服务,,,,,,,,,,,,,,,,,,,,0.14,,,0.14,,,,,,,,,,,,,,,,,数据不足,False,23.43,
2019Q1,银行,,,,,,,,,,,,,,,,,,,9.36,16.72,,,16.72,,,,,,,,,,,,,,,,,数据不足,False,16.85,
2019Q1,非银金融,,,,,,,,,,,,,,,,,,,7.79,18.13,,,18.13,,,,,,,,,,,,,,,,,数据不足,False,42.66,
2019Q1,综合,,,,,,,,,,,,,,,,,,,,0.0,,,0.0,,,,,,,,,,,,,,,,,数据不足,False,34.15,
2019Q1,建筑材料,,,,,,,,,,,,,,,,,,,0.76,1.24,,,1.24,,,,,,,,,,,,,,,,,数据不足,False,34.39,
2019Q1,建筑装饰,,,,,,,,,,,,,,,,,,,1.14,3.32,,,3.32,,,,,,,,,,,,,,,,,数据不足,False,18.28,
2019Q1,电力设备,,,,,,,,,,,,,,,,,,,8.13,2.09,,,2.09,,,,,,,,,,,,,,,,,数据不足,False,31.21,
2019Q1,机械设备,,,,,,,,,,,,,,,,,,,2.84,2.38,,,2.38,,,,,,,,,,,,,,,,,数据不足,False,31.32,
2019Q1,国防军工,,,,,,,,,,,,,,,,,,,1.84,1.43,,,1.43,,,,,,,,,,,,,,,,,数据不足,False,38.11,
2019Q1,计算机,,,,,,,,,,,,,,,,,,,3.04,3.73,,,3.73,,,,,,,,,,,,,,,,,数据不足,False,48.46,
2019Q1,传媒,,,,,,,,,,,,,,,,,,,0.82,1.13,,,1.13,,,,,,,,,,,,,,,,,数据不足,False,28.0,
2019Q1,通信,,,,,,,,,,,,,,,,,,,10.82,1.85,,,1.85,,,,,,,,,,,,,,,,,数据不足,False,33.26,
2019Q1,煤炭,,,,,,,,,,,,,,,,,,,0.85,0.85,,,0.85,,,,,,,,,,,,,,,,,数据不足,False,22.29,
2019Q1,石油石化,,,,,,,,,,,,,,,,,,,1.21,1.82,,,1.82,,,,,,,,,,,,,,,,,数据不足,False,22.56,
2019Q1,环保,,,,,,,,,,,,,,,,,,,,0.24,,,0.24,,,,,,,,,,,,,,,,,数据不足,False,22.41,
2019Q1,美容护理,,,,,,,,,,,,,,,,,,,0.05,0.0,,,0.0,,,,,,,,,,,,,,,,,数据不足,False,27.8,
2019Q2,农林牧渔,,,,,,,,,,,,,,,,,,,0.75,1.96,,,1.96,,,,,,,,,,,,,,,,,数据不足,False,-4.36,
2019Q2,基础化工,,,,,,,,,,,,,,,,,,,1.88,1.45,,,1.45,,,,,,,,,,,,,,,,,数据不足,False,-10.92,
2019Q2,钢铁,,,,,,,,,,,,,,,,,,,0.39,1.17,,,1.17,,,,,,,,,,,,,,,,,数据不足,False,-13.17,
2019Q2,有色金属,,,,,,,,,,,,,,,,,,,5.25,2.24,,,2.24,,,,,,,,,,,,,,,,,数据不足,False,-2.39,
2019Q2,电子,,,,,,,,,,,,,,,,,,,24.21,3.02,,,3.02,,,,,,,,,,,,,,,,,数据不足,False,-10.67,
2019Q2,汽车,,,,,,,,,,,,,,,,,,,2.63,2.65,,,2.65,,,,,,,,,,,,,,,,,数据不足,False,-7.96,
2019Q2,家用电器,,,,,,,,,,,,,,,,,,,2.51,4.9,,,4.9,,,,,,,,,,,,,,,,,数据不足,False,2.54,
2019Q2,食品饮料,,,,,,,,,,,,,,,,,,,4.71,9.82,,,9.82,,,,,,,,,,,,,,,,,数据不足,False,12.14,
2019Q2,纺织服饰,,,,,,,,,,,,,,,,,,,,0.31,,,0.31,,,,,,,,,,,,,,,,,数据不足,False,-13.04,
2019Q2,轻工制造,,,,,,,,,,,,,,,,,,,,0.11,,,0.11,,,,,,,,,,,,,,,,,数据不足,False,-14.11,
2019Q2,医药生物,,,,,,,,,,,,,,,,,,,3.52,6.03,,,6.03,,,,,,,,,,,,,,,,,数据不足,False,-7.68,
2019Q2,公用事业,,,,,,,,,,,,,,,,,,,2.48,2.35,,,2.35,,,,,,,,,,,,,,,,,数据不足,False,-5.78,
2019Q2,交通运输,,,,,,,,,,,,,,,,,,,2.42,3.32,,,3.32,,,,,,,,,,,,,,,,,数据不足,False,-3.74,
2019Q2,房地产,,,,,,,,,,,,,,,,,,,0.33,4.38,,,4.38,,,,,,,,,,,,,,,,,数据不足,False,-10.32,
2019Q2,商贸零售,,,,,,,,,,,,,,,,,,,0.28,1.49,,,1.49,,,,,,,,,,,,,,,,,数据不足,False,-8.24,
2019Q2,社会服务,,,,,,,,,,,,,,,,,,,,0.14,,,0.14,,,,,,,,,,,,,,,,,数据不足,False,0.6,
2019Q2,银行,,,,,,,,,,,,,,,,,,,9.36,17.0,,,17.0,,,,,,,,,,,,,,,,,数据不足,False,1.26,
2019Q2,非银金融,,,,,,,,,,,,,,,,,,,7.79,18.73,,,18.73,,,,,,,,,,,,,,,,,数据不足,False,0.82,
2019Q2,综合,,,,,,,,,,,,,,,,,,,,0.0,,,0.0,,,,,,,,,,,,,,,,,数据不足,False,-11.09,
2019Q2,建筑材料,,,,,,,,,,,,,,,,,,,0.76,1.22,,,1.22,,,,,,,,,,,,,,,,,数据不足,False,-3.67,
2019Q2,建筑装饰,,,,,,,,,,,,,,,,,,,1.14,2.96,,,2.96,,,,,,,,,,,,,,,,,数据不足,False,-11.94,
2019Q2,电力设备,,,,,,,,,,,,,,,,,,,8.13,1.97,,,1.97,,,,,,,,,,,,,,,,,数据不足,False,-11.84,
2019Q2,机械设备,,,,,,,,,,,,,,,,,,,2.84,2.23,,,2.23,,,,,,,,,,,,,,,,,数据不足,False,-8.32,
2019Q2,国防军工,,,,,,,,,,,,,,,,,,,1.84,1.29,,,1.29,,,,,,,,,,,,,,,,,数据不足,False,-8.83,
2019Q2,计算机,,,,,,,,,,,,,,,,,,,3.04,3.47,,,3.47,,,,,,,,,,,,,,,,,数据不足,False,-10.57,
2019Q2,传媒,,,,,,,,,,,,,,,,,,,0.82,1.4,,,1.4,,,,,,,,,,,,,,,,,数据不足,False,-15.79,
2019Q2,通信,,,,,,,,,,,,,,,,,,,10.82,1.61,,,1.61,,,,,,,,,,,,,,,,,数据不足,False,-7.79,
2019Q2,煤炭,,,,,,,,,,,,,,,,,,,0.85,0.99,,,0.99,,,,,,,,,,,,,,,,,数据不足,False,-3.29,
2019Q2,石油石化,,,,,,,,,,,,,,,,,,,1.21,1.68,,,1.68,,,,,,,,,,,,,,,,,数据不足,False,-7.6,
2019Q2,环保,,,,,,,,,,,,,,,,,,,,0.12,,,0.12,,,,,,,,,,,,,,,,,数据不足,False,-6.02,
2019Q2,美容护理,,,,,,,,,,,,,,,,,,,0.05,0.0,,,0.0,,,,,,,,,,,,,,,,,数据不足,False,-7.29,
2019Q3,农林牧渔,,,,,,,,,,,,,,,,,,,0.75,2.08,,,2.08,,,,,,,,,,,,,,,,,数据不足,False,-1.04,
2019Q3,基础化工,,,,,,,,,,,,,,,,,,,1.88,1.42,,,1.42,,,,,,,,,,,,,,,,,数据不足,False,-1.33,
2019Q3,钢铁,,,,,,,,,,,,,,,,,,,0.39,1.04,,,1.04,,,,,,,,,,,,,,,,,数据不足,False,-11.06,
2019Q3,有色金属,,,,,,,,,,,,,,,,,,,5.25,2.12,,,2.12,,,,,,,,,,,,,,,,,数据不足,False,-7.01,
2019Q3,电子,,,,,,,,,,,,,,,,,,,24.21,3.81,,,3.81,,,,,,,,,,,,,,,,,数据不足,False,20.2,
2019Q3,汽车,,,,,,,,,,,,,,,,,,,2.63,2.56,,,2.56,,,,,,,,,,,,,,,,,数据不足,False,-4.16,
2019Q3,家用电器,,,,,,,,,,,,,,,,,,,2.51,5.02,,,5.02,,,,,,,,,,,,,,,,,数据不足,False,-0.62,
2019Q3,食品饮料,,,,,,,,,,,,,,,,,,,4.71,10.38,,,10.38,,,,,,,,,,,,,,,,,数据不足,False,3.63,
2019Q3,纺织服饰,,,,,,,,,,,,,,,,,,,,0.3,,,0.3,,,,,,,,,,,,,,,,,数据不足,False,-4.17,
2019Q3,轻工制造,,,,,,,,,,,,,,,,,,,,0.11,,,0.11,,,,,,,,,,,,,,,,,数据不足,False,-4.17,
2019Q3,医药生物,,,,,,,,,,,,,,,,,,,3.52,6.46,,,6.46,,,,,,,,,,,,,,,,,数据不足,False,6.36,
2019Q3,公用事业,,,,,,,,,,,,,,,,,,,2.48,2.34,,,2.34,,,,,,,,,,,,,,,,,数据不足,False,-5.83,
2019Q3,交通运输,,,,,,,,,,,,,,,,,,,2.42,3.16,,,3.16,,,,,,,,,,,,,,,,,数据不足,False,-5.11,
2019Q3,房地产,,,,,,,,,,,,,,,,,,,0.33,4.14,,,4.14,,,,,,,,,,,,,,,,,数据不足,False,-6.93,
2019Q3,商贸零售,,,,,,,,,,,,,,,,,,,0.28,1.44,,,1.44,,,,,,,,,,,,,,,,,数据不足,False,-6.82,
2019Q3,社会服务,,,,,,,,,,,,,,,,,,,,0.16,,,0.16,,,,,,,,,,,,,,,,,数据不足,False,1.59,
2019Q3,银行,,,,,,,,,,,,,,,,,,,9.36,16.65,,,16.65,,,,,,,,,,,,,,,,,数据不足,False,-2.98,
2019Q3,非银金融,,,,,,,,,,,,,,,,,,,7.79,18.01,,,18.01,,,,,,,,,,,,,,,,,数据不足,False,-4.14,
2019Q3,综合,,,,,,,,,,,,,,,,,,,,0.0,,,0.0,,,,,,,,,,,,,,,,,数据不足,False,-4.09,
2019Q3,建筑材料,,,,,,,,,,,,,,,,,,,0.76,1.17,,,1.17,,,,,,,,,,,,,,,,,数据不足,False,-4.42,
2019Q3,建筑装饰,,,,,,,,,,,,,,,,,,,1.14,2.76,,,2.76,,,,,,,,,,,,,,,,,数据不足,False,-7.68,
2019Q3,电力设备,,,,,,,,,,,,,,,,,,,8.13,2.0,,,2.0,,,,,,,,,,,,,,,,,数据不足,False,0.64,
2019Q3,机械设备,,,,,,,,,,,,,,,,,,,2.84,2.22,,,2.22,,,,,,,,,,,,,,,,,数据不足,False,-2.18,
2019Q3,国防军工,,,,,,,,,,,,,,,,,,,1.84,1.32,,,1.32,,,,,,,,,,,,,,,,,数据不足,False,2.17,
2019Q3,计算机,,,,,,,,,,,,,,,,,,,3.04,3.71,,,3.71,,,,,,,,,,,,,,,,,数据不足,False,5.4,
2019Q3,传媒,,,,,,,,,,,,,,,,,,,0.82,1.44,,,1.44,,,,,,,,,,,,,,,,,数据不足,False,-0.33,
2019Q3,通信,,,,,,,,,,,,,,,,,,,10.82,1.56,,,1.56,,,,,,,,,,,,,,,,,数据不足,False,-3.94,
2019Q3,煤炭,,,,,,,,,,,,,,,,,,,0.85,0.93,,,0.93,,,,,,,,,,,,,,,,,数据不足,False,-7.62,
2019Q3,石油石化,,,,,,,,,,,,,,,,,,,1.21,1.58,,,1.58,,,,,,,,,,,,,,,,,数据不足,False,-6.97,
2019Q3,环保,,,,,,,,,,,,,,,,,,,,0.1,,,0.1,,,,,,,,,,,,,,,,,数据不足,False,-12.26,
2019Q3,美容护理,,,,,,,,,,,,,,,,,,,0.05,0.0,,,0.0,,,,,,,,,,,,,,,,,数据不足,False,4.24,
2019Q4,农林牧渔,,,,,,,,,,,,,,,,,,,0.75,1.97,,,1.97,,,,,,,,,,,,,,,,,数据不足,False,3.53,
2019Q4,基础化工,,,,,,,,,,,,,,,,,,,1.88,1.43,,,1.43,,,,,,,,,,,,,,,,,数据不足,False,8.87,
2019Q4,钢铁,,,,,,,,,,,,,,,,,,,0.39,0.96,,,0.96,,,,,,,,,,,,,,,,,数据不足,False,4.81,
2019Q4,有色金属,,,,,,,,,,,,,,,,,,,5.25,2.34,,,2.34,,,,,,,,,,,,,,,,,数据不足,False,10.58,
2019Q4,电子,,,,,,,,,,,,,,,,,,,24.21,4.86,,,4.86,,,,,,,,,,,,,,,,,数据不足,False,14.72,
2019Q4,汽车,,,,,,,,,,,,,,,,,,,2.63,2.58,,,2.58,,,,,,,,,,,,,,,,,数据不足,False,8.68,
2019Q4,家用电器,,,,,,,,,,,,,,,,,,,2.51,5.24,,,5.24,,,,,,,,,,,,,,,,,数据不足,False,14.61,
2019Q4,食品饮料,,,,,,,,,,,,,,,,,,,4.71,9.71,,,9.71,,,,,,,,,,,,,,,,,数据不足,False,3.6,
2019Q4,纺织服饰,,,,,,,,,,,,,,,,,,,,0.25,,,0.25,,,,,,,,,,,,,,,,,数据不足,False,2.27,
2019Q4,轻工制造,,,,,,,,,,,,,,,,,,,,0.24,,,0.24,,,,,,,,,,,,,,,,,数据不足,False,9.05,
2019Q4,医药生物,,,,,,,,,,,,,,,,,,,3.52,6.92,,,6.92,,,,,,,,,,,,,,,,,数据不足,False,6.01,
2019Q4,公用事业,,,,,,,,,,,,,,,,,,,2.48,2.39,,,2.39,,,,,,,,,,,,,,,,,数据不足,False,0.58,
2019Q4,交通运输,,,,,,,,,,,,,,,,,,,2.42,3.05,,,3.05,,,,,,,,,,,,,,,,,数据不足,False,2.34,
2019Q4,房地产,,,,,,,,,,,,,,,,,,,0.33,4.58,,,4.58,,,,,,,,,,,,,,,,,数据不足,False,11.32,
2019Q4,商贸零售,,,,,,,,,,,,,,,,,,,0.28,1.23,,,1.23,,,,,,,,,,,,,,,,,数据不足,False,-0.33,
2019Q4,社会服务,,,,,,,,,,,,,,,,,,,,0.28,,,0.28,,,,,,,,,,,,,,,,,数据不足,False,1.41,
2019Q4,银行,,,,,,,,,,,,,,,,,,,9.36,16.31,,,16.31,,,,,,,,,,,,,,,,,数据不足,False,7.1,
2019Q4,非银金融,,,,,,,,,,,,,,,,,,,7.79,17.13,,,17.13,,,,,,,,,,,,,,,,,数据不足,False,5.54,
2019Q4,综合,,,,,,,,,,,,,,,,,,,,0.0,,,0.0,,,,,,,,,,,,,,,,,数据不足,False,10.27,
2019Q4,建筑材料,,,,,,,,,,,,,,,,,,,0.76,1.38,,,1.38,,,,,,,,,,,,,,,,,数据不足,False,22.05,
2019Q4,建筑装饰,,,,,,,,,,,,,,,,,,,1.14,2.55,,,2.55,,,,,,,,,,,,,,,,,数据不足,False,1.79,
2019Q4,电力设备,,,,,,,,,,,,,,,,,,,8.13,1.94,,,1.94,,,,,,,,,,,,,,,,,数据不足,False,6.84,
2019Q4,机械设备,,,,,,,,,,,,,,,,,,,2.84,2.26,,,2.26,,,,,,,,,,,,,,,,,数据不足,False,5.23,
2019Q4,国防军工,,,,,,,,,,,,,,,,,,,1.84,1.18,,,1.18,,,,,,,,,,,,,,,,,数据不足,False,-1.14,
2019Q4,计算机,,,,,,,,,,,,,,,,,,,3.04,3.47,,,3.47,,,,,,,,,,,,,,,,,数据不足,False,5.79,
2019Q4,传媒,,,,,,,,,,,,,,,,,,,0.82,1.58,,,1.58,,,,,,,,,,,,,,,,,数据不足,False,12.82,
2019Q4,通信,,,,,,,,,,,,,,,,,,,10.82,1.45,,,1.45,,,,,,,,,,,,,,,,,数据不足,False,1.63,
2019Q4,煤炭,,,,,,,,,,,,,,,,,,,0.85,0.92,,,0.92,,,,,,,,,,,,,,,,,数据不足,False,1.5,
2019Q4,石油石化,,,,,,,,,,,,,,,,,,,1.21,1.68,,,1.68,,,,,,,,,,,,,,,,,数据不足,False,5.48,
2019Q4,环保,,,,,,,,,,,,,,,,,,,,0.1,,,0.1,,,,,,,,,,,,,,,,,数据不足,False,-0.43,
2019Q4,美容护理,,,,,,,,,,,,,,,,,,,0.05,0.0,,,0.0,,,,,,,,,,,,,,,,,数据不足,False,2.28,
2020Q1,农林牧渔,,,,,,,,,,,,,,1.0,,,,,0.75,2.6,,,2.6,,,,,,,,,,,,,,,,,数据不足,False,15.65,
2020Q1,基础化工,,,,,,,,,,,,,,1.0,,,,,1.88,1.35,,,1.35,,,,,,,,,,,,,,,,,数据不足,False,-8.75,
2020Q1,钢铁,,,,,,,,,,,,,,1.0,,,,,0.39,0.88,,,0.88,,,,,,,,,,,,,,,,,数据不足,False,-12.03,
2020Q1,有色金属,,,,,,,,,,,,,,1.0,,,,,5.25,2.2,,,2.2,,,,,,,,,,,,,,,,,数据不足,False,-13.47,
2020Q1,电子,,,,,,,,,,,,,,1.0,,,,,24.21,5.23,,,5.23,,,,,,,,,,,,,,,,,数据不足,False,-4.78,
2020Q1,汽车,,,,,,,,,,,,,,1.0,,,,,2.63,2.62,,,2.62,,,,,,,,,,,,,,,,,数据不足,False,-6.74,
2020Q1,家用电器,,,,,,,,,,,,,,1.0,,,,,2.51,4.71,,,4.71,,,,,,,,,,,,,,,,,数据不足,False,-15.93,
2020Q1,食品饮料,,,,,,,,,,,,,,1.0,,,,,4.71,10.1,,,10.1,,,,,,,,,,,,,,,,,数据不足,False,-4.21,
2020Q1,纺织服饰,,,,,,,,,,,,,,1.0,,,,,,0.25,,,0.25,,,,,,,,,,,,,,,,,数据不足,False,-3.62,
2020Q1,轻工制造,,,,,,,,,,,,,,1.0,,,,,,0.23,,,0.23,,,,,,,,,,,,,,,,,数据不足,False,-7.68,
2020Q1,医药生物,,,,,,,,,,,,,,1.0,,,,,3.52,7.91,,,7.91,,,,,,,,,,,,,,,,,数据不足,False,8.39,
2020Q1,公用事业,,,,,,,,,,,,,,1.0,,,,,2.48,2.4,,,2.4,,,,,,,,,,,,,,,,,数据不足,False,-7.73,
2020Q1,交通运输,,,,,,,,,,,,,,1.0,,,,,2.42,2.84,,,2.84,,,,,,,,,,,,,,,,,数据不足,False,-14.93,
2020Q1,房地产,,,,,,,,,,,,,,1.0,,,,,0.33,4.23,,,4.23,,,,,,,,,,,,,,,,,数据不足,False,-14.11,
2020Q1,商贸零售,,,,,,,,,,,,,,1.0,,,,,0.28,1.23,,,1.23,,,,,,,,,,,,,,,,,数据不足,False,-1.78,
2020Q1,社会服务,,,,,,,,,,,,,,1.0,,,,,,0.3,,,0.3,,,,,,,,,,,,,,,,,数据不足,False,-20.08,
2020Q1,银行,,,,,,,,,,,,,,1.0,,,,,9.36,15.4,,,15.4,,,,,,,,,,,,,,,,,数据不足,False,-14.8,
2020Q1,非银金融,,,,,,,,,,,,,,1.0,,,,,7.79,16.09,,,16.09,,,,,,,,,,,,,,,,,数据不足,False,-15.8,
2020Q1,综合,,,,,,,,,,,,,,1.0,,,,,,0.0,,,0.0,,,,,,,,,,,,,,,,,数据不足,False,-2.5,
2020Q1,建筑材料,,,,,,,,,,,,,,1.0,,,,,0.76,1.51,,,1.51,,,,,,,,,,,,,,,,,数据不足,False,1.48,
2020Q1,建筑装饰,,,,,,,,,,,,,,1.0,,,,,1.14,2.65,,,2.65,,,,,,,,,,,,,,,,,数据不足,False,-3.81,
2020Q1,电力设备,,,,,,,,,,,,,,1.0,,,,,8.13,2.03,,,2.03,,,,,,,,,,,,,,,,,数据不足,False,-1.51,
2020Q1,机械设备,,,,,,,,,,,,,,1.0,,,,,2.84,2.29,,,2.29,,,,,,,,,,,,,,,,,数据不足,False,-6.8,
2020Q1,国防军工,,,,,,,,,,,,,,1.0,,,,,1.84,1.22,,,1.22,,,,,,,,,,,,,,,,,数据不足,False,-4.74,
2020Q1,计算机,,,,,,,,,,,,,,1.0,,,,,3.04,3.82,,,3.82,,,,,,,,,,,,,,,,,数据不足,False,3.9,
2020Q1,传媒,,,,,,,,,,,,,,1.0,,,,,0.82,1.66,,,1.66,,,,,,,,,,,,,,,,,数据不足,False,-6.89,
2020Q1,通信,,,,,,,,,,,,,,1.0,,,,,10.82,1.74,,,1.74,,,,,,,,,,,,,,,,,数据不足,False,3.76,
2020Q1,煤炭,,,,,,,,,,,,,,1.0,,,,,0.85,0.86,,,0.86,,,,,,,,,,,,,,,,,数据不足,False,-15.13,
2020Q1,石油石化,,,,,,,,,,,,,,1.0,,,,,1.21,1.51,,,1.51,,,,,,,,,,,,,,,,,数据不足,False,-16.41,
2020Q1,环保,,,,,,,,,,,,,,1.0,,,,,,0.14,,,0.14,,,,,,,,,,,,,,,,,数据不足,False,-2.03,
2020Q1,美容护理,,,,,,,,,,,,,,1.0,,,,,0.05,0.0,,,0.0,,,,,,,,,,,,,,,,,数据不足,False,5.26,
2020Q2,农林牧渔,,,,,,,,,,,,,,1.0,,,,,0.75,2.31,,,2.31,,,,,,,,,,,,,,,,,数据不足,False,1.15,
2020Q2,基础化工,,,,,,,,,,,,,,1.0,,,,,1.88,1.29,,,1.29,,,,,,,,,,,,,,,,,数据不足,False,12.7,
2020Q2,钢铁,,,,,,,,,,,,,,1.0,,,,,0.39,0.64,,,0.64,,,,,,,,,,,,,,,,,数据不足,False,2.25,
2020Q2,有色金属,,,,,,,,,,,,,,1.0,,,,,5.25,2.09,,,2.09,,,,,,,,,,,,,,,,,数据不足,False,11.13,
2020Q2,电子,,,,,,,,,,,,,,1.0,,,,,24.21,7.55,,,7.55,,,,,,,,,,,,,,,,,数据不足,False,30.73,
2020Q2,汽车,,,,,,,,,,,,,,1.0,,,,,2.63,2.17,,,2.17,,,,,,,,,,,,,,,,,数据不足,False,7.49,
2020Q2,家用电器,,,,,,,,,,,,,,1.0,,,,,2.51,4.72,,,4.72,,,,,,,,,,,,,,,,,数据不足,False,17.01,
2020Q2,食品饮料,,,,,,,,,,,,,,1.0,,,,,4.71,11.31,,,11.31,,,,,,,,,,,,,,,,,数据不足,False,28.7,
2020Q2,纺织服饰,,,,,,,,,,,,,,1.0,,,,,,0.16,,,0.16,,,,,,,,,,,,,,,,,数据不足,False,-2.41,
2020Q2,轻工制造,,,,,,,,,,,,,,1.0,,,,,,0.24,,,0.24,,,,,,,,,,,,,,,,,数据不足,False,10.7,
2020Q2,医药生物,,,,,,,,,,,,,,1.0,,,,,3.52,9.28,,,9.28,,,,,,,,,,,,,,,,,数据不足,False,29.42,
2020Q2,公用事业,,,,,,,,,,,,,,1.0,,,,,2.48,2.04,,,2.04,,,,,,,,,,,,,,,,,数据不足,False,2.34,
2020Q2,交通运输,,,,,,,,,,,,,,1.0,,,,,2.42,2.81,,,2.81,,,,,,,,,,,,,,,,,数据不足,False,5.63,
2020Q2,房地产,,,,,,,,,,,,,,1.0,,,,,0.33,3.74,,,3.74,,,,,,,,,,,,,,,,,数据不足,False,5.69,
2020Q2,商贸零售,,,,,,,,,,,,,,1.0,,,,,0.28,1.6,,,1.6,,,,,,,,,,,,,,,,,数据不足,False,17.61,
2020Q2,社会服务,,,,,,,,,,,,,,1.0,,,,,,0.31,,,0.31,,,,,,,,,,,,,,,,,数据不足,False,62.74,
2020Q2,银行,,,,,,,,,,,,,,1.0,,,,,9.36,13.45,,,13.45,,,,,,,,,,,,,,,,,数据不足,False,0.97,
2020Q2,非银金融,,,,,,,,,,,,,,1.0,,,,,7.79,14.86,,,14.86,,,,,,,,,,,,,,,,,数据不足,False,4.87,
2020Q2,综合,,,,,,,,,,,,,,1.0,,,,,,0.0,,,0.0,,,,,,,,,,,,,,,,,数据不足,False,10.37,
2020Q2,建筑材料,,,,,,,,,,,,,,1.0,,,,,0.76,1.48,,,1.48,,,,,,,,,,,,,,,,,数据不足,False,5.64,
2020Q2,建筑装饰,,,,,,,,,,,,,,1.0,,,,,1.14,1.98,,,1.98,,,,,,,,,,,,,,,,,数据不足,False,-4.05,
2020Q2,电力设备,,,,,,,,,,,,,,1.0,,,,,8.13,2.68,,,2.68,,,,,,,,,,,,,,,,,数据不足,False,20.93,
2020Q2,机械设备,,,,,,,,,,,,,,1.0,,,,,2.84,2.24,,,2.24,,,,,,,,,,,,,,,,,数据不足,False,12.7,
2020Q2,国防军工,,,,,,,,,,,,,,1.0,,,,,1.84,1.1,,,1.1,,,,,,,,,,,,,,,,,数据不足,False,11.04,
2020Q2,计算机,,,,,,,,,,,,,,1.0,,,,,3.04,4.42,,,4.42,,,,,,,,,,,,,,,,,数据不足,False,17.18,
2020Q2,传媒,,,,,,,,,,,,,,1.0,,,,,0.82,1.97,,,1.97,,,,,,,,,,,,,,,,,数据不足,False,25.97,
2020Q2,通信,,,,,,,,,,,,,,1.0,,,,,10.82,1.64,,,1.64,,,,,,,,,,,,,,,,,数据不足,False,3.38,
2020Q2,煤炭,,,,,,,,,,,,,,1.0,,,,,0.85,0.67,,,0.67,,,,,,,,,,,,,,,,,数据不足,False,-0.33,
2020Q2,石油石化,,,,,,,,,,,,,,1.0,,,,,1.21,1.25,,,1.25,,,,,,,,,,,,,,,,,数据不足,False,-1.75,
2020Q2,环保,,,,,,,,,,,,,,1.0,,,,,,0.0,,,0.0,,,,,,,,,,,,,,,,,数据不足,False,3.03,
2020Q2,美容护理,,,,,,,,,,,,,,1.0,,,,,0.05,0.0,,,0.0,,,,,,,,,,,,,,,,,数据不足,False,43.42,
2020Q3,农林牧渔,,,,,,,,,,,,,,1.0,,,,,0.75,2.01,,,2.01,,,,,,,,,,,,,,,,,数据不足,False,0.96,
2020Q3,基础化工,,,,,,,,,,,,,,1.0,,,,,1.88,1.51,,,1.51,,,,,,,,,,,,,,,,,数据不足,False,15.66,
2020Q3,钢铁,,,,,,,,,,,,,,1.0,,,,,0.39,0.61,,,0.61,,,,,,,,,,,,,,,,,数据不足,False,4.01,
2020Q3,有色金属,,,,,,,,,,,,,,1.0,,,,,5.25,2.06,,,2.06,,,,,,,,,,,,,,,,,数据不足,False,7.56,
2020Q3,电子,,,,,,,,,,,,,,1.0,,,,,24.21,6.69,,,6.69,,,,,,,,,,,,,,,,,数据不足,False,2.66,
2020Q3,汽车,,,,,,,,,,,,,,1.0,,,,,2.63,2.58,,,2.58,,,,,,,,,,,,,,,,,数据不足,False,21.23,
2020Q3,家用电器,,,,,,,,,,,,,,1.0,,,,,2.51,4.67,,,4.67,,,,,,,,,,,,,,,,,数据不足,False,9.51,
2020Q3,食品饮料,,,,,,,,,,,,,,1.0,,,,,4.71,12.49,,,12.49,,,,,,,,,,,,,,,,,数据不足,False,19.34,
2020Q3,纺织服饰,,,,,,,,,,,,,,1.0,,,,,,0.17,,,0.17,,,,,,,,,,,,,,,,,数据不足,False,2.08,
2020Q3,轻工制造,,,,,,,,,,,,,,1.0,,,,,,0.27,,,0.27,,,,,,,,,,,,,,,,,数据不足,False,10.62,
2020Q3,医药生物,,,,,,,,,,,,,,1.0,,,,,3.52,8.81,,,8.81,,,,,,,,,,,,,,,,,数据不足,False,2.93,
2020Q3,公用事业,,,,,,,,,,,,,,1.0,,,,,2.48,1.94,,,1.94,,,,,,,,,,,,,,,,,数据不足,False,5.83,
2020Q3,交通运输,,,,,,,,,,,,,,1.0,,,,,2.42,2.78,,,2.78,,,,,,,,,,,,,,,,,数据不足,False,7.4,
2020Q3,房地产,,,,,,,,,,,,,,1.0,,,,,0.33,3.56,,,3.56,,,,,,,,,,,,,,,,,数据不足,False,4.23,
2020Q3,商贸零售,,,,,,,,,,,,,,1.0,,,,,0.28,1.83,,,1.83,,,,,,,,,,,,,,,,,数据不足,False,-3.42,
2020Q3,社会服务,,,,,,,,,,,,,,1.0,,,,,,0.31,,,0.31,,,,,,,,,,,,,,,,,数据不足,False,32.97,
2020Q3,银行,,,,,,,,,,,,,,1.0,,,,,9.36,12.38,,,12.38,,,,,,,,,,,,,,,,,数据不足,False,1.68,
2020Q3,非银金融,,,,,,,,,,,,,,1.0,,,,,7.79,15.85,,,15.85,,,,,,,,,,,,,,,,,数据不足,False,14.52,
2020Q3,综合,,,,,,,,,,,,,,1.0,,,,,,0.0,,,0.0,,,,,,,,,,,,,,,,,数据不足,False,2.17,
2020Q3,建筑材料,,,,,,,,,,,,,,1.0,,,,,0.76,1.58,,,1.58,,,,,,,,,,,,,,,,,数据不足,False,14.6,
2020Q3,建筑装饰,,,,,,,,,,,,,,1.0,,,,,1.14,1.87,,,1.87,,,,,,,,,,,,,,,,,数据不足,False,6.33,
2020Q3,电力设备,,,,,,,,,,,,,,1.0,,,,,8.13,3.19,,,3.19,,,,,,,,,,,,,,,,,数据不足,False,26.01,
2020Q3,机械设备,,,,,,,,,,,,,,1.0,,,,,2.84,2.44,,,2.44,,,,,,,,,,,,,,,,,数据不足,False,13.17,
2020Q3,国防军工,,,,,,,,,,,,,,1.0,,,,,1.84,1.32,,,1.32,,,,,,,,,,,,,,,,,数据不足,False,30.11,
2020Q3,计算机,,,,,,,,,,,,,,1.0,,,,,3.04,4.03,,,4.03,,,,,,,,,,,,,,,,,数据不足,False,-3.23,
2020Q3,传媒,,,,,,,,,,,,,,1.0,,,,,0.82,1.83,,,1.83,,,,,,,,,,,,,,,,,数据不足,False,1.74,
2020Q3,通信,,,,,,,,,,,,,,1.0,,,,,10.82,1.3,,,1.3,,,,,,,,,,,,,,,,,数据不足,False,-8.1,
2020Q3,煤炭,,,,,,,,,,,,,,1.0,,,,,0.85,0.68,,,0.68,,,,,,,,,,,,,,,,,数据不足,False,9.42,
2020Q3,石油石化,,,,,,,,,,,,,,1.0,,,,,1.21,1.27,,,1.27,,,,,,,,,,,,,,,,,数据不足,False,11.22,
2020Q3,环保,,,,,,,,,,,,,,1.0,,,,,,0.0,,,0.0,,,,,,,,,,,,,,,,,数据不足,False,6.93,
2020Q3,美容护理,,,,,,,,,,,,,,1.0,,,,,0.05,0.0,,,0.0,,,,,,,,,,,,,,,,,数据不足,False,-3.93,
2020Q4,农林牧渔,,,,,,,,,,,,,,1.0,,,,,0.75,1.78,,,1.78,,,,,,,,,,,,,,,,,数据不足,False,0.16,
2020Q4,基础化工,,,,,,,,,,,,,,1.0,,,,,1.88,1.47,,,1.47,,,,,,,,,,,,,,,,,数据不足,False,13.48,
2020Q4,钢铁,,,,,,,,,,,,,,1.0,,,,,0.39,0.52,,,0.52,,,,,,,,,,,,,,,,,数据不足,False,12.12,
2020Q4,有色金属,,,,,,,,,,,,,,1.0,,,,,5.25,2.23,,,2.23,,,,,,,,,,,,,,,,,数据不足,False,30.31,
2020Q4,电子,,,,,,,,,,,,,,1.0,,,,,24.21,7.79,,,7.79,,,,,,,,,,,,,,,,,数据不足,False,6.46,
2020Q4,汽车,,,,,,,,,,,,,,1.0,,,,,2.63,3.02,,,3.02,,,,,,,,,,,,,,,,,数据不足,False,20.01,
2020Q4,家用电器,,,,,,,,,,,,,,1.0,,,,,2.51,4.94,,,4.94,,,,,,,,,,,,,,,,,数据不足,False,21.68,
2020Q4,食品饮料,,,,,,,,,,,,,,1.0,,,,,4.71,13.83,,,13.83,,,,,,,,,,,,,,,,,数据不足,False,25.73,
2020Q4,纺织服饰,,,,,,,,,,,,,,1.0,,,,,,0.1,,,0.1,,,,,,,,,,,,,,,,,数据不足,False,-3.22,
2020Q4,轻工制造,,,,,,,,,,,,,,1.0,,,,,,0.35,,,0.35,,,,,,,,,,,,,,,,,数据不足,False,2.39,
2020Q4,医药生物,,,,,,,,,,,,,,1.0,,,,,3.52,9.28,,,9.28,,,,,,,,,,,,,,,,,数据不足,False,4.65,
2020Q4,公用事业,,,,,,,,,,,,,,1.0,,,,,2.48,1.67,,,1.67,,,,,,,,,,,,,,,,,数据不足,False,1.06,
2020Q4,交通运输,,,,,,,,,,,,,,1.0,,,,,2.42,2.64,,,2.64,,,,,,,,,,,,,,,,,数据不足,False,3.87,
2020Q4,房地产,,,,,,,,,,,,,,1.0,,,,,0.33,2.91,,,2.91,,,,,,,,,,,,,,,,,数据不足,False,-5.79,
2020Q4,商贸零售,,,,,,,,,,,,,,1.0,,,,,0.28,1.76,,,1.76,,,,,,,,,,,,,,,,,数据不足,False,-10.56,
2020Q4,社会服务,,,,,,,,,,,,,,1.0,,,,,,0.26,,,0.26,,,,,,,,,,,,,,,,,数据不足,False,15.28,
2020Q4,银行,,,,,,,,,,,,,,1.0,,,,,9.36,12.1,,,12.1,,,,,,,,,,,,,,,,,数据不足,False,10.6,
2020Q4,非银金融,,,,,,,,,,,,,,1.0,,,,,7.79,14.29,,,14.29,,,,,,,,,,,,,,,,,数据不足,False,4.93,
2020Q4,综合,,,,,,,,,,,,,,1.0,,,,,,0.0,,,0.0,,,,,,,,,,,,,,,,,数据不足,False,2.82,
2020Q4,建筑材料,,,,,,,,,,,,,,1.0,,,,,0.76,1.38,,,1.38,,,,,,,,,,,,,,,,,数据不足,False,0.71,
2020Q4,建筑装饰,,,,,,,,,,,,,,1.0,,,,,1.14,1.54,,,1.54,,,,,,,,,,,,,,,,,数据不足,False,-6.18,
2020Q4,电力设备,,,,,,,,,,,,,,1.0,,,,,8.13,3.68,,,3.68,,,,,,,,,,,,,,,,,数据不足,False,29.73,
2020Q4,机械设备,,,,,,,,,,,,,,1.0,,,,,2.84,2.73,,,2.73,,,,,,,,,,,,,,,,,数据不足,False,10.25,
2020Q4,国防军工,,,,,,,,,,,,,,1.0,,,,,1.84,1.5,,,1.5,,,,,,,,,,,,,,,,,数据不足,False,14.79,
2020Q4,计算机,,,,,,,,,,,,,,1.0,,,,,3.04,3.81,,,3.81,,,,,,,,,,,,,,,,,数据不足,False,-6.85,
2020Q4,传媒,,,,,,,,,,,,,,1.0,,,,,0.82,1.54,,,1.54,,,,,,,,,,,,,,,,,数据不足,False,-9.61,
2020Q4,通信,,,,,,,,,,,,,,1.0,,,,,10.82,1.1,,,1.1,,,,,,,,,,,,,,,,,数据不足,False,-7.01,
2020Q4,煤炭,,,,,,,,,,,,,,1.0,,,,,0.85,0.56,,,0.56,,,,,,,,,,,,,,,,,数据不足,False,15.66,
2020Q4,石油石化,,,,,,,,,,,,,,1.0,,,,,1.21,1.23,,,1.23,,,,,,,,,,,,,,,,,数据不足,False,16.84,
2020Q4,环保,,,,,,,,,,,,,,1.0,,,,,,0.0,,,0.0,,,,,,,,,,,,,,,,,数据不足,False,-8.71,
2020Q4,美容护理,,,,,,,,,,,,,,1.0,,,,,0.05,0.0,,,0.0,,,,,,,,,,,,,,,,,数据不足,False,8.9,
2021Q1,农林牧渔,,,,,,,,,,,,,,1.0,,,,,0.75,2.07,,,2.07,,,,,,,,,,,,,,,,,数据不足,False,0.44,
2021Q1,基础化工,,,,,,,,,,,,,,1.0,,,,,1.88,1.71,,,1.71,,,,,,,,,,,,,,,,,数据不足,False,4.01,
2021Q1,钢铁,,,,,,,,,,,,,,1.0,,,,,0.39,0.7,,,0.7,,,,,,,,,,,,,,,,,数据不足,False,15.66,
2021Q1,有色金属,,,,,,,,,,,,,,1.0,,,,,5.25,2.29,,,2.29,,,,,,,,,,,,,,,,,数据不足,False,-0.46,
2021Q1,电子,,,,,,,,,,,,,,1.0,,,,,24.21,7.09,,,7.09,,,,,,,,,,,,,,,,,数据不足,False,-7.75,
2021Q1,汽车,,,,,,,,,,,,,,1.0,,,,,2.63,2.76,,,2.76,,,,,,,,,,,,,,,,,数据不足,False,-8.5,
2021Q1,家用电器,,,,,,,,,,,,,,1.0,,,,,2.51,4.68,,,4.68,,,,,,,,,,,,,,,,,数据不足,False,-7.73,
2021Q1,食品饮料,,,,,,,,,,,,,,1.0,,,,,4.71,13.15,,,13.15,,,,,,,,,,,,,,,,,数据不足,False,-7.88,
2021Q1,纺织服饰,,,,,,,,,,,,,,1.0,,,,,,0.12,,,0.12,,,,,,,,,,,,,,,,,数据不足,False,1.25,
2021Q1,轻工制造,,,,,,,,,,,,,,1.0,,,,,,0.37,,,0.37,,,,,,,,,,,,,,,,,数据不足,False,6.37,
2021Q1,医药生物,,,,,,,,,,,,,,1.0,,,,,3.52,9.12,,,9.12,,,,,,,,,,,,,,,,,数据不足,False,-4.06,
2021Q1,公用事业,,,,,,,,,,,,,,1.0,,,,,2.48,1.86,,,1.86,,,,,,,,,,,,,,,,,数据不足,False,11.5,
2021Q1,交通运输,,,,,,,,,,,,,,1.0,,,,,2.42,2.67,,,2.67,,,,,,,,,,,,,,,,,数据不足,False,0.58,
2021Q1,房地产,,,,,,,,,,,,,,1.0,,,,,0.33,2.99,,,2.99,,,,,,,,,,,,,,,,,数据不足,False,-1.23,
2021Q1,商贸零售,,,,,,,,,,,,,,1.0,,,,,0.28,1.93,,,1.93,,,,,,,,,,,,,,,,,数据不足,False,-4.2,
2021Q1,社会服务,,,,,,,,,,,,,,1.0,,,,,,0.28,,,0.28,,,,,,,,,,,,,,,,,数据不足,False,10.02,
2021Q1,银行,,,,,,,,,,,,,,1.0,,,,,9.36,13.96,,,13.96,,,,,,,,,,,,,,,,,数据不足,False,10.51,
2021Q1,非银金融,,,,,,,,,,,,,,1.0,,,,,7.79,13.0,,,13.0,,,,,,,,,,,,,,,,,数据不足,False,-12.5,
2021Q1,综合,,,,,,,,,,,,,,1.0,,,,,,0.0,,,0.0,,,,,,,,,,,,,,,,,数据不足,False,0.19,
2021Q1,建筑材料,,,,,,,,,,,,,,1.0,,,,,0.76,1.53,,,1.53,,,,,,,,,,,,,,,,,数据不足,False,5.99,
2021Q1,建筑装饰,,,,,,,,,,,,,,1.0,,,,,1.14,1.71,,,1.71,,,,,,,,,,,,,,,,,数据不足,False,7.6,
2021Q1,电力设备,,,,,,,,,,,,,,1.0,,,,,8.13,3.62,,,3.62,,,,,,,,,,,,,,,,,数据不足,False,-5.26,
2021Q1,机械设备,,,,,,,,,,,,,,1.0,,,,,2.84,2.86,,,2.86,,,,,,,,,,,,,,,,,数据不足,False,0.25,
2021Q1,国防军工,,,,,,,,,,,,,,1.0,,,,,1.84,1.27,,,1.27,,,,,,,,,,,,,,,,,数据不足,False,-19.26,
2021Q1,计算机,,,,,,,,,,,,,,1.0,,,,,3.04,3.87,,,3.87,,,,,,,,,,,,,,,,,数据不足,False,-9.03,
2021Q1,传媒,,,,,,,,,,,,,,1.0,,,,,0.82,1.38,,,1.38,,,,,,,,,,,,,,,,,数据不足,False,-8.52,
2021Q1,通信,,,,,,,,,,,,,,1.0,,,,,10.82,1.03,,,1.03,,,,,,,,,,,,,,,,,数据不足,False,-11.42,
2021Q1,煤炭,,,,,,,,,,,,,,1.0,,,,,0.85,0.66,,,0.66,,,,,,,,,,,,,,,,,数据不足,False,4.09,
2021Q1,石油石化,,,,,,,,,,,,,,1.0,,,,,1.21,1.33,,,1.33,,,,,,,,,,,,,,,,,数据不足,False,8.16,
2021Q1,环保,,,,,,,,,,,,,,1.0,,,,,,0.0,,,0.0,,,,,,,,,,,,,,,,,数据不足,False,10.91,
2021Q1,美容护理,,,,,,,,,,,,,,1.0,,,,,0.05,0.0,,,0.0,,,,,,,,,,,,,,,,,数据不足,False,6.82,
2021Q2,农林牧渔,,,,,,,,,,,,,,1.0,,,,,0.75,1.61,,,1.61,,,,,,,,,,,,,,,,,数据不足,False,-8.16,
2021Q2,基础化工,,,,,,,,,,,,,,1.0,,,,,1.88,2.02,,,2.02,,,,,,,,,,,,,,,,,数据不足,False,16.78,
2021Q2,钢铁,,,,,,,,,,,,,,1.0,,,,,0.39,0.58,,,0.58,,,,,,,,,,,,,,,,,数据不足,False,6.88,
2021Q2,有色金属,,,,,,,,,,,,,,1.0,,,,,5.25,2.43,,,2.43,,,,,,,,,,,,,,,,,数据不足,False,13.01,
2021Q2,电子,,,,,,,,,,,,,,1.0,,,,,24.21,8.45,,,8.45,,,,,,,,,,,,,,,,,数据不足,False,21.22,
2021Q2,汽车,,,,,,,,,,,,,,1.0,,,,,2.63,3.23,,,3.23,,,,,,,,,,,,,,,,,数据不足,False,18.99,
2021Q2,家用电器,,,,,,,,,,,,,,1.0,,,,,2.51,3.79,,,3.79,,,,,,,,,,,,,,,,,数据不足,False,-8.51,
2021Q2,食品饮料,,,,,,,,,,,,,,1.0,,,,,4.71,13.92,,,13.92,,,,,,,,,,,,,,,,,数据不足,False,9.19,
2021Q2,纺织服饰,,,,,,,,,,,,,,1.0,,,,,,0.0,,,0.0,,,,,,,,,,,,,,,,,数据不足,False,6.93,
2021Q2,轻工制造,,,,,,,,,,,,,,1.0,,,,,,0.34,,,0.34,,,,,,,,,,,,,,,,,数据不足,False,-0.5,
2021Q2,医药生物,,,,,,,,,,,,,,1.0,,,,,3.52,10.89,,,10.89,,,,,,,,,,,,,,,,,数据不足,False,13.95,
2021Q2,公用事业,,,,,,,,,,,,,,1.0,,,,,2.48,1.76,,,1.76,,,,,,,,,,,,,,,,,数据不足,False,-5.61,
2021Q2,交通运输,,,,,,,,,,,,,,1.0,,,,,2.42,2.92,,,2.92,,,,,,,,,,,,,,,,,数据不足,False,1.31,
2021Q2,房地产,,,,,,,,,,,,,,1.0,,,,,0.33,2.06,,,2.06,,,,,,,,,,,,,,,,,数据不足,False,-7.88,
2021Q2,商贸零售,,,,,,,,,,,,,,1.0,,,,,0.28,1.64,,,1.64,,,,,,,,,,,,,,,,,数据不足,False,0.1,
2021Q2,社会服务,,,,,,,,,,,,,,1.0,,,,,,0.3,,,0.3,,,,,,,,,,,,,,,,,数据不足,False,-4.36,
2021Q2,银行,,,,,,,,,,,,,,1.0,,,,,9.36,12.36,,,12.36,,,,,,,,,,,,,,,,,数据不足,False,-3.79,
2021Q2,非银金融,,,,,,,,,,,,,,1.0,,,,,7.79,11.12,,,11.12,,,,,,,,,,,,,,,,,数据不足,False,-2.53,
2021Q2,综合,,,,,,,,,,,,,,1.0,,,,,,0.0,,,0.0,,,,,,,,,,,,,,,,,数据不足,False,17.54,
2021Q2,建筑材料,,,,,,,,,,,,,,1.0,,,,,0.76,1.28,,,1.28,,,,,,,,,,,,,,,,,数据不足,False,-3.52,
2021Q2,建筑装饰,,,,,,,,,,,,,,1.0,,,,,1.14,1.21,,,1.21,,,,,,,,,,,,,,,,,数据不足,False,-4.48,
2021Q2,电力设备,,,,,,,,,,,,,,1.0,,,,,8.13,5.77,,,5.77,,,,,,,,,,,,,,,,,数据不足,False,30.7,
2021Q2,机械设备,,,,,,,,,,,,,,1.0,,,,,2.84,2.52,,,2.52,,,,,,,,,,,,,,,,,数据不足,False,3.35,
2021Q2,国防军工,,,,,,,,,,,,,,1.0,,,,,1.84,1.35,,,1.35,,,,,,,,,,,,,,,,,数据不足,False,9.6,
2021Q2,计算机,,,,,,,,,,,,,,1.0,,,,,3.04,4.33,,,4.33,,,,,,,,,,,,,,,,,数据不足,False,9.67,
2021Q2,传媒,,,,,,,,,,,,,,1.0,,,,,0.82,1.21,,,1.21,,,,,,,,,,,,,,,,,数据不足,False,1.22,
2021Q2,通信,,,,,,,,,,,,,,1.0,,,,,10.82,1.08,,,1.08,,,,,,,,,,,,,,,,,数据不足,False,6.29,
2021Q2,煤炭,,,,,,,,,,,,,,1.0,,,,,0.85,0.52,,,0.52,,,,,,,,,,,,,,,,,数据不足,False,12.83,
2021Q2,石油石化,,,,,,,,,,,,,,1.0,,,,,1.21,1.18,,,1.18,,,,,,,,,,,,,,,,,数据不足,False,5.24,
2021Q2,环保,,,,,,,,,,,,,,1.0,,,,,,0.0,,,0.0,,,,,,,,,,,,,,,,,数据不足,False,-7.59,
2021Q2,美容护理,,,,,,,,,,,,,,1.0,,,,,0.05,0.09,,,0.09,,,,,,,,,,,,,,,,,数据不足,False,29.05,
2021Q3,农林牧渔,,,,,,,,,,,,,,1.0,,,,,0.75,1.54,,,1.54,,,,,,,,,,,,,,,,,数据不足,False,-6.6,
2021Q3,基础化工,,,,,,,,,,,,,,1.0,,,,,1.88,2.08,,,2.08,,,,,,,,,,,,,,,,,数据不足,False,13.7,
2021Q3,钢铁,,,,,,,,,,,,,,1.0,,,,,0.39,0.86,,,0.86,,,,,,,,,,,,,,,,,数据不足,False,19.72,
2021Q3,有色金属,,,,,,,,,,,,,,1.0,,,,,5.25,3.14,,,3.14,,,,,,,,,,,,,,,,,数据不足,False,23.11,
2021Q3,电子,,,,,,,,,,,,,,1.0,,,,,24.21,7.79,,,7.79,,,,,,,,,,,,,,,,,数据不足,False,-7.04,
2021Q3,汽车,,,,,,,,,,,,,,1.0,,,,,2.63,3.29,,,3.29,,,,,,,,,,,,,,,,,数据不足,False,-2.23,
2021Q3,家用电器,,,,,,,,,,,,,,1.0,,,,,2.51,3.58,,,3.58,,,,,,,,,,,,,,,,,数据不足,False,-10.14,
2021Q3,食品饮料,,,,,,,,,,,,,,1.0,,,,,4.71,12.93,,,12.93,,,,,,,,,,,,,,,,,数据不足,False,-13.0,
2021Q3,纺织服饰,,,,,,,,,,,,,,1.0,,,,,,0.0,,,0.0,,,,,,,,,,,,,,,,,数据不足,False,-10.09,
2021Q3,轻工制造,,,,,,,,,,,,,,1.0,,,,,,0.31,,,0.31,,,,,,,,,,,,,,,,,数据不足,False,-5.55,
2021Q3,医药生物,,,,,,,,,,,,,,1.0,,,,,3.52,9.65,,,9.65,,,,,,,,,,,,,,,,,数据不足,False,-13.68,
2021Q3,公用事业,,,,,,,,,,,,,,1.0,,,,,2.48,2.22,,,2.22,,,,,,,,,,,,,,,,,数据不足,False,25.2,
2021Q3,交通运输,,,,,,,,,,,,,,1.0,,,,,2.42,2.92,,,2.92,,,,,,,,,,,,,,,,,数据不足,False,-3.15,
2021Q3,房地产,,,,,,,,,,,,,,1.0,,,,,0.33,2.18,,,2.18,,,,,,,,,,,,,,,,,数据不足,False,-2.51,
2021Q3,商贸零售,,,,,,,,,,,,,,1.0,,,,,0.28,1.52,,,1.52,,,,,,,,,,,,,,,,,数据不足,False,-3.28,
2021Q3,社会服务,,,,,,,,,,,,,,1.0,,,,,,0.21,,,0.21,,,,,,,,,,,,,,,,,数据不足,False,-13.07,
2021Q3,银行,,,,,,,,,,,,,,1.0,,,,,9.36,12.02,,,12.02,,,,,,,,,,,,,,,,,数据不足,False,-9.59,
2021Q3,非银金融,,,,,,,,,,,,,,1.0,,,,,7.79,11.31,,,11.31,,,,,,,,,,,,,,,,,数据不足,False,-5.81,
2021Q3,综合,,,,,,,,,,,,,,1.0,,,,,,0.0,,,0.0,,,,,,,,,,,,,,,,,数据不足,False,-6.67,
2021Q3,建筑材料,,,,,,,,,,,,,,1.0,,,,,0.76,1.26,,,1.26,,,,,,,,,,,,,,,,,数据不足,False,-5.39,
2021Q3,建筑装饰,,,,,,,,,,,,,,1.0,,,,,1.14,1.61,,,1.61,,,,,,,,,,,,,,,,,数据不足,False,6.61,
2021Q3,电力设备,,,,,,,,,,,,,,1.0,,,,,8.13,7.04,,,7.04,,,,,,,,,,,,,,,,,数据不足,False,13.15,
2021Q3,机械设备,,,,,,,,,,,,,,1.0,,,,,2.84,2.51,,,2.51,,,,,,,,,,,,,,,,,数据不足,False,4.05,
2021Q3,国防军工,,,,,,,,,,,,,,1.0,,,,,1.84,1.58,,,1.58,,,,,,,,,,,,,,,,,数据不足,False,7.94,
2021Q3,计算机,,,,,,,,,,,,,,1.0,,,,,3.04,4.21,,,4.21,,,,,,,,,,,,,,,,,数据不足,False,-7.02,
2021Q3,传媒,,,,,,,,,,,,,,1.0,,,,,0.82,1.04,,,1.04,,,,,,,,,,,,,,,,,数据不足,False,-10.88,
2021Q3,通信,,,,,,,,,,,,,,1.0,,,,,10.82,1.12,,,1.12,,,,,,,,,,,,,,,,,数据不足,False,-2.92,
2021Q3,煤炭,,,,,,,,,,,,,,1.0,,,,,0.85,0.67,,,0.67,,,,,,,,,,,,,,,,,数据不足,False,36.01,
2021Q3,石油石化,,,,,,,,,,,,,,1.0,,,,,1.21,1.33,,,1.33,,,,,,,,,,,,,,,,,数据不足,False,16.07,
2021Q3,环保,,,,,,,,,,,,,,1.0,,,,,,0.0,,,0.0,,,,,,,,,,,,,,,,,数据不足,False,14.89,
2021Q3,美容护理,,,,,,,,,,,,,,1.0,,,,,0.05,0.07,,,0.07,,,,,,,,,,,,,,,,,数据不足,False,-24.89,
2021Q4,农林牧渔,,,,,,,,,,,,,,0.0,,,,,0.75,1.64,,,1.64,,,,,,,,,,,,,,,,,数据不足,False,10.35,
2021Q4,基础化工,,,,,,,,,,,,,,0.0,,,,,1.88,1.96,,,1.96,,,,,,,,,,,,,,,,,数据不足,False,-0.66,
2021Q4,钢铁,,,,,,,,,,,,,,0.0,,,,,0.39,0.67,,,0.67,,,,,,,,,,,,,,,,,数据不足,False,-9.41,
2021Q4,有色金属,,,,,,,,,,,,,,0.0,,,,,5.25,3.34,,,3.34,,,,,,,,,,,,,,,,,数据不足,False,1.44,
2021Q4,电子,,,,,,,,,,,,,,0.0,,,,,24.21,8.27,,,8.27,,,,,,,,,,,,,,,,,数据不足,False,11.63,
2021Q4,汽车,,,,,,,,,,,,,,0.0,,,,,2.63,3.38,,,3.38,,,,,,,,,,,,,,,,,数据不足,False,10.09,
2021Q4,家用电器,,,,,,,,,,,,,,0.0,,,,,2.51,3.43,,,3.43,,,,,,,,,,,,,,,,,数据不足,False,6.07,
2021Q4,食品饮料,,,,,,,,,,,,,,0.0,,,,,4.71,12.5,,,12.5,,,,,,,,,,,,,,,,,数据不足,False,7.4,
2021Q4,纺织服饰,,,,,,,,,,,,,,0.0,,,,,,0.0,,,0.0,,,,,,,,,,,,,,,,,数据不足,False,6.21,
2021Q4,轻工制造,,,,,,,,,,,,,,0.0,,,,,,0.29,,,0.29,,,,,,,,,,,,,,,,,数据不足,False,11.68,
2021Q4,医药生物,,,,,,,,,,,,,,0.0,,,,,3.52,9.2,,,9.2,,,,,,,,,,,,,,,,,数据不足,False,-0.11,
2021Q4,公用事业,,,,,,,,,,,,,,0.0,,,,,2.48,2.41,,,2.41,,,,,,,,,,,,,,,,,数据不足,False,-0.3,
2021Q4,交通运输,,,,,,,,,,,,,,0.0,,,,,2.42,2.64,,,2.64,,,,,,,,,,,,,,,,,数据不足,False,3.93,
2021Q4,房地产,,,,,,,,,,,,,,0.0,,,,,0.33,1.82,,,1.82,,,,,,,,,,,,,,,,,数据不足,False,-0.67,
2021Q4,商贸零售,,,,,,,,,,,,,,0.0,,,,,0.28,1.17,,,1.17,,,,,,,,,,,,,,,,,数据不足,False,2.86,
2021Q4,社会服务,,,,,,,,,,,,,,0.0,,,,,,0.17,,,0.17,,,,,,,,,,,,,,,,,数据不足,False,-1.9,
2021Q4,银行,,,,,,,,,,,,,,0.0,,,,,9.36,10.76,,,10.76,,,,,,,,,,,,,,,,,数据不足,False,-0.74,
2021Q4,非银金融,,,,,,,,,,,,,,0.0,,,,,7.79,10.16,,,10.16,,,,,,,,,,,,,,,,,数据不足,False,2.65,
2021Q4,综合,,,,,,,,,,,,,,0.0,,,,,,0.0,,,0.0,,,,,,,,,,,,,,,,,数据不足,False,3.55,
2021Q4,建筑材料,,,,,,,,,,,,,,0.0,,,,,0.76,1.32,,,1.32,,,,,,,,,,,,,,,,,数据不足,False,7.97,
2021Q4,建筑装饰,,,,,,,,,,,,,,0.0,,,,,1.14,1.6,,,1.6,,,,,,,,,,,,,,,,,数据不足,False,6.22,
2021Q4,电力设备,,,,,,,,,,,,,,0.0,,,,,8.13,11.26,,,11.26,,,,,,,,,,,,,,,,,数据不足,False,5.54,
2021Q4,机械设备,,,,,,,,,,,,,,0.0,,,,,2.84,2.37,,,2.37,,,,,,,,,,,,,,,,,数据不足,False,6.52,
2021Q4,国防军工,,,,,,,,,,,,,,0.0,,,,,1.84,1.59,,,1.59,,,,,,,,,,,,,,,,,数据不足,False,16.39,
2021Q4,计算机,,,,,,,,,,,,,,0.0,,,,,3.04,3.89,,,3.89,,,,,,,,,,,,,,,,,数据不足,False,9.27,
2021Q4,传媒,,,,,,,,,,,,,,0.0,,,,,0.82,1.0,,,1.0,,,,,,,,,,,,,,,,,数据不足,False,20.61,
2021Q4,通信,,,,,,,,,,,,,,0.0,,,,,10.82,1.03,,,1.03,,,,,,,,,,,,,,,,,数据不足,False,12.74,
2021Q4,煤炭,,,,,,,,,,,,,,0.0,,,,,0.85,0.6,,,0.6,,,,,,,,,,,,,,,,,数据不足,False,-12.6,
2021Q4,石油石化,,,,,,,,,,,,,,0.0,,,,,1.21,1.21,,,1.21,,,,,,,,,,,,,,,,,数据不足,False,-8.98,
2021Q4,环保,,,,,,,,,,,,,,0.0,,,,,,0.0,,,0.0,,,,,,,,,,,,,,,,,数据不足,False,2.46,
2021Q4,美容护理,,,,,,,,,,,,,,0.0,,,,,0.05,0.31,,,0.31,,,,,,,,,,,,,,,,,数据不足,False,-3.29,
2022Q1,农林牧渔,,,,,,,2.38,,,,,,,1.0,,,,,0.75,1.92,,,1.92,,,,,,,,,,,,,,,,,数据不足,False,-13.48,2.38
2022Q1,基础化工,,,,,,,6.45,,,,,,,1.0,,,,,1.88,1.98,,,1.98,,,,,,,,,,,,,,,,,数据不足,False,0.15,6.45
2022Q1,钢铁,,,,,,,1.49,,,,,,,1.0,,,,,0.39,0.69,,,0.69,,,,,,,,,,,,,,,,,数据不足,False,-14.74,1.49
2022Q1,有色金属,,,,,,,5.95,,,,,,,1.0,,,,,5.25,3.64,,,3.64,,,,,,,,,,,,,,,,,数据不足,False,3.86,5.95
2022Q1,电子,,,,,,,6.49,,,,,,,1.0,,,,,24.21,7.04,,,7.04,,,,,,,,,,,,,,,,,数据不足,False,20.86,6.49
2022Q1,汽车,,,,,,,3.51,,,,,,,1.0,,,,,2.63,3.03,,,3.03,,,,,,,,,,,,,,,,,数据不足,False,-21.4,3.51
2022Q1,家用电器,,,,,,,1.22,,,,,,,1.0,,,,,2.51,3.14,,,3.14,,,,,,,,,,,,,,,,,数据不足,False,-7.69,1.22
2022Q1,食品饮料,,,,,,,3.97,,,,,,,1.0,,,,,4.71,11.7,,,11.7,,,,,,,,,,,,,,,,,数据不足,False,-20.12,3.97
2022Q1,纺织服饰,,,,,,,0.88,,,,,,,1.0,,,,,,0.0,,,0.0,,,,,,,,,,,,,,,,,数据不足,False,-7.46,0.88
2022Q1,轻工制造,,,,,,,1.47,,,,,,,1.0,,,,,,0.26,,,0.26,,,,,,,,,,,,,,,,,数据不足,False,-15.8,1.47
2022Q1,医药生物,,,,,,,11.71,,,,,,,1.0,,,,,3.52,9.04,,,9.04,,,,,,,,,,,,,,,,,数据不足,False,-10.33,11.71
2022Q1,公用事业,,,,,,,2.49,,,,,,,1.0,,,,,2.48,2.64,,,2.64,,,,,,,,,,,,,,,,,数据不足,False,1.06,2.49
2022Q1,交通运输,,,,,,,1.97,,,,,,,1.0,,,,,2.42,2.68,,,2.68,,,,,,,,,,,,,,,,,数据不足,False,-6.95,1.97
2022Q1,房地产,,,,,,,2.55,,,,,,,1.0,,,,,0.33,2.27,,,2.27,,,,,,,,,,,,,,,,,数据不足,False,-16.73,2.55
2022Q1,商贸零售,,,,,,,1.36,,,,,,,1.0,,,,,0.28,1.08,,,1.08,,,,,,,,,,,,,,,,,数据不足,False,-23.53,1.36
2022Q1,社会服务,,,,,,,1.23,,,,,,,1.0,,,,,,0.16,,,0.16,,,,,,,,,,,,,,,,,数据不足,False,-16.71,1.23
2022Q1,银行,,,,,,,2.13,,,,,,,1.0,,,,,9.36,12.77,,,12.77,,,,,,,,,,,,,,,,,数据不足,False,1.66,2.13
2022Q1,非银金融,,,,,,,3.57,,,,,,,1.0,,,,,7.79,10.15,,,10.15,,,,,,,,,,,,,,,,,数据不足,False,-15.66,3.57
2022Q1,综合,,,,,,,0.4,,,,,,,1.0,,,,,,0.0,,,0.0,,,,,,,,,,,,,,,,,数据不足,False,9.62,0.4
2022Q1,建筑材料,,,,,,,1.47,,,,,,,1.0,,,,,0.76,1.34,,,1.34,,,,,,,,,,,,,,,,,数据不足,False,11.25,1.47
2022Q1,建筑装饰,,,,,,,3.34,,,,,,,1.0,,,,,1.14,1.88,,,1.88,,,,,,,,,,,,,,,,,数据不足,False,-9.3,3.34
2022Q1,电力设备,,,,,,,9.14,,,,,,,1.0,,,,,8.13,11.03,,,11.03,,,,,,,,,,,,,,,,,数据不足,False,-19.25,9.14
2022Q1,机械设备,,,,,,,4.46,,,,,,,1.0,,,,,2.84,2.2,,,2.2,,,,,,,,,,,,,,,,,数据不足,False,-0.19,4.46
2022Q1,国防军工,,,,,,,2.58,,,,,,,1.0,,,,,1.84,1.43,,,1.43,,,,,,,,,,,,,,,,,数据不足,False,-7.65,2.58
2022Q1,计算机,,,,,,,7.55,,,,,,,1.0,,,,,3.04,3.54,,,3.54,,,,,,,,,,,,,,,,,数据不足,False,-16.97,7.55
2022Q1,传媒,,,,,,,3.66,,,,,,,1.0,,,,,0.82,0.84,,,0.84,,,,,,,,,,,,,,,,,数据不足,False,-18.7,3.66
2022Q1,通信,,,,,,,2.22,,,,,,,1.0,,,,,10.82,0.99,,,0.99,,,,,,,,,,,,,,,,,数据不足,False,-11.07,2.22
2022Q1,煤炭,,,,,,,1.69,,,,,,,1.0,,,,,0.85,0.93,,,0.93,,,,,,,,,,,,,,,,,数据不足,False,22.63,1.69
2022Q1,石油石化,,,,,,,1.35,,,,,,,1.0,,,,,1.21,1.32,,,1.32,,,,,,,,,,,,,,,,,数据不足,False,-8.5,1.35
2022Q1,环保,,,,,,,0.98,,,,,,,1.0,,,,,,0.0,,,0.0,,,,,,,,,,,,,,,,,数据不足,False,-12.51,0.98
2022Q1,美容护理,,,,,,,0.33,,,,,,,1.0,,,,,0.05,0.3,,,0.3,,,,,,,,,,,,,,,,,数据不足,False,-14.26,0.33
2022Q2,农林牧渔,,,,,,,2.92,100.0,,,,,,1.0,,,,,0.75,1.77,,,1.77,0.0,0.0,,,,,,,,,,,,,,,数据不足,False,-13.48,2.92
2022Q2,基础化工,,,,,,,7.05,100.0,,,,,,1.0,,,,,1.88,2.72,,,2.72,48.93,48.93,,,,,,,,,,,,,,,数据不足,False,0.15,7.05
2022Q2,钢铁,,,,,,,1.34,0.0,,,,,,1.0,,,,,0.39,0.61,,,0.61,0.0,0.0,,,,,,,,,,,,,,,数据不足,False,-14.74,1.34
2022Q2,有色金属,,,,,,,5.92,0.0,,,,,,1.0,,,,,5.25,3.62,,,3.62,51.28,51.28,,,,,,,,,,,,,,,数据不足,False,3.86,5.92
2022Q2,电子,,,,,,,6.47,0.0,,,,,,1.0,,,,,24.21,7.34,,,7.34,51.23,51.23,,,,,,,,,,,,,,,数据不足,False,20.86,6.47
2022Q2,汽车,,,,,,,5.72,100.0,,,,,,1.0,,,,,2.63,3.67,,,3.67,39.13,39.13,,,,,,,,,,,,,,,数据不足,False,23.09,5.72
2022Q2,家用电器,,,,,,,1.38,100.0,,,,,,1.0,,,,,2.51,3.17,,,3.17,0.0,0.0,,,,,,,,,,,,,,,数据不足,False,-7.69,1.38
2022Q2,食品饮料,,,,,,,4.4,100.0,,,,,,1.0,,,,,4.71,12.72,,,12.72,0.0,0.0,,,,,,,,,,,,,,,数据不足,False,-20.12,4.4
2022Q2,纺织服饰,,,,,,,0.88,100.0,,,,,,1.0,,,,,,0.03,,,0.03,0.0,0.0,,,,,,,,,,,,,,,数据不足,False,-7.46,0.88
2022Q2,轻工制造,,,,,,,1.11,0.0,,,,,,1.0,,,,,,0.29,,,0.29,57.92,57.92,,,,,,,,,,,,,,,数据不足,False,1.03,1.11
2022Q2,医药生物,,,,,,,9.53,0.0,,,,,,1.0,,,,,3.52,7.7,,,7.7,0.0,0.0,,,,,,,,,,,,,,,数据不足,False,-10.33,9.53
2022Q2,公用事业,,,,,,,2.46,0.0,,,,,,1.0,,,,,2.48,2.51,,,2.51,51.5,51.5,,,,,,,,,,,,,,,数据不足,False,1.06,2.46
2022Q2,交通运输,,,,,,,2.84,100.0,,,,,,1.0,,,,,2.42,2.65,,,2.65,0.0,0.0,,,,,,,,,,,,,,,数据不足,False,-6.95,2.84
2022Q2,房地产,,,,,,,3.86,100.0,,,,,,1.0,,,,,0.33,1.95,,,1.95,0.0,0.0,,,,,,,,,,,,,,,数据不足,False,-16.73,3.86
2022Q2,商贸零售,,,,,,,1.96,100.0,,,,,,1.0,,,,,0.28,1.15,,,1.15,0.0,0.0,,,,,,,,,,,,,,,数据不足,False,-23.53,1.96
2022Q2,社会服务,,,,,,,1.12,0.0,,,,,,1.0,,,,,,0.05,,,0.05,0.0,0.0,,,,,,,,,,,,,,,数据不足,False,-16.71,1.12
2022Q2,银行,,,,,,,2.19,100.0,,,,,,1.0,,,,,9.36,11.12,,,11.12,0.0,0.0,,,,,,,,,,,,,,,数据不足,False,-4.01,2.19
2022Q2,非银金融,,,,,,,3.97,100.0,,,,,,1.0,,,,,7.79,8.94,,,8.94,0.0,0.0,,,,,,,,,,,,,,,数据不足,False,-15.66,3.97
2022Q2,综合,,,,,,,0.39,0.0,,,,,,1.0,,,,,,0.0,,,0.0,52.22,52.22,,,,,,,,,,,,,,,数据不足,False,9.62,0.39
2022Q2,建筑材料,,,,,,,1.64,100.0,,,,,,1.0,,,,,0.76,1.38,,,1.38,48.51,48.51,,,,,,,,,,,,,,,数据不足,False,11.25,1.64
2022Q2,建筑装饰,,,,,,,3.65,100.0,,,,,,1.0,,,,,1.14,1.88,,,1.88,0.0,0.0,,,,,,,,,,,,,,,数据不足,False,-9.3,3.65
2022Q2,电力设备,,,,,,,9.58,100.0,,,,,,1.0,,,,,8.13,13.14,,,13.14,0.0,0.0,,,,,,,,,,,,,,,数据不足,False,-19.25,9.58
2022Q2,机械设备,,,,,,,4.18,0.0,,,,,,1.0,,,,,2.84,1.99,,,1.99,0.0,0.0,,,,,,,,,,,,,,,数据不足,False,-0.19,4.18
2022Q2,国防军工,,,,,,,2.35,0.0,,,,,,1.0,,,,,1.84,1.42,,,1.42,0.0,0.0,,,,,,,,,,,,,,,数据不足,False,-7.65,2.35
2022Q2,计算机,,,,,,,4.23,0.0,,,,,,1.0,,,,,3.04,3.62,,,3.62,0.0,0.0,,,,,,,,,,,,,,,数据不足,False,-8.03,4.23
2022Q2,传媒,,,,,,,2.61,0.0,,,,,,1.0,,,,,0.82,0.68,,,0.68,0.0,0.0,,,,,,,,,,,,,,,数据不足,False,-4.37,2.61
2022Q2,通信,,,,,,,1.38,0.0,,,,,,1.0,,,,,10.82,1.05,,,1.05,0.0,0.0,,,,,,,,,,,,,,,数据不足,False,-0.95,1.38
2022Q2,煤炭,,,,,,,2.24,100.0,,,,,,1.0,,,,,0.85,1.18,,,1.18,44.2,44.2,,,,,,,,,,,,,,,数据不足,False,7.14,2.24
2022Q2,石油石化,,,,,,,1.4,100.0,,,,,,1.0,,,,,1.21,1.25,,,1.25,50.08,50.08,,,,,,,,,,,,,,,数据不足,False,4.26,1.4
2022Q2,环保,,,,,,,0.84,0.0,,,,,,1.0,,,,,,0.0,,,0.0,0.0,0.0,,,,,,,,,,,,,,,数据不足,False,-4.47,0.84
2022Q2,美容护理,,,,,,,0.37,100.0,,,,,,1.0,,,,,0.05,0.4,,,0.4,47.87,47.87,,,,,,,,,,,,,,,数据不足,False,14.52,0.37
2022Q3,农林牧渔,,,,,,,2.1,0.0,,,,,,0.0,,,,,0.75,2.0,,,2.0,0.0,0.0,,,,,,,,,,,,,,,数据不足,False,-13.48,2.1
2022Q3,基础化工,,,,,,,6.95,50.0,,,,,,0.0,,,,,1.88,2.83,,,2.83,65.45,65.45,,,,,,,,,,,,,,,数据不足,False,0.15,6.95
2022Q3,钢铁,,,,,,,1.02,0.0,,,,,,0.0,,,,,0.39,0.6,,,0.6,0.0,0.0,,,,,,,,,,,,,,,数据不足,False,-14.74,1.02
2022Q3,有色金属,,,,,,,6.58,100.0,,,,,,0.0,,,,,5.25,3.35,,,3.35,63.78,63.78,,,,,,,,,,,,,,,数据不足,False,3.86,6.58
2022Q3,电子,,,,,,,8.97,100.0,,,,,,0.0,,,,,24.21,6.92,,,6.92,58.51,58.51,,,,,,,,,,,,,,,数据不足,False,20.86,8.97
2022Q3,汽车,,,,,,,6.37,100.0,,,,,,0.0,,,,,2.63,3.33,,,3.33,22.88,22.88,,,,,,,,,,,,,,,数据不足,False,-17.1,6.37
2022Q3,家用电器,,,,,,,1.82,100.0,,,,,,0.0,,,,,2.51,3.19,,,3.19,0.0,0.0,,,,,,,,,,,,,,,数据不足,False,-7.69,1.82
2022Q3,食品饮料,,,,,,,3.49,0.0,,,,,,0.0,,,,,4.71,13.48,,,13.48,0.0,0.0,,,,,,,,,,,,,,,数据不足,False,-20.12,3.49
2022Q3,纺织服饰,,,,,,,0.82,0.0,,,,,,0.0,,,,,,0.02,,,0.02,0.0,0.0,,,,,,,,,,,,,,,数据不足,False,-7.46,0.82
2022Q3,轻工制造,,,,,,,1.13,50.0,,,,,,0.0,,,,,,0.27,,,0.27,0.0,0.0,,,,,,,,,,,,,,,数据不足,False,-12.55,1.13
2022Q3,医药生物,,,,,,,6.4,0.0,,,,,,0.0,,,,,3.52,7.28,,,7.28,0.0,0.0,,,,,,,,,,,,,,,数据不足,False,-10.33,6.4
2022Q3,公用事业,,,,,,,3.53,100.0,,,,,,0.0,,,,,2.48,2.86,,,2.86,57.8,57.8,,,,,,,,,,,,,,,数据不足,False,1.06,3.53
2022Q3,交通运输,,,,,,,2.23,50.0,,,,,,0.0,,,,,2.42,2.81,,,2.81,0.0,0.0,,,,,,,,,,,,,,,数据不足,False,-6.95,2.23
2022Q3,房地产,,,,,,,2.22,0.0,,,,,,0.0,,,,,0.33,2.14,,,2.14,0.0,0.0,,,,,,,,,,,,,,,数据不足,False,-16.73,2.22
2022Q3,商贸零售,,,,,,,1.22,0.0,,,,,,0.0,,,,,0.28,1.14,,,1.14,0.0,0.0,,,,,,,,,,,,,,,数据不足,False,-23.53,1.22
2022Q3,社会服务,,,,,,,0.79,0.0,,,,,,0.0,,,,,,0.04,,,0.04,0.0,0.0,,,,,,,,,,,,,,,数据不足,False,-16.71,0.79
2022Q3,银行,,,,,,,1.54,0.0,,,,,,0.0,,,,,9.36,11.48,,,11.48,0.0,0.0,,,,,,,,,,,,,,,数据不足,False,-11.84,1.54
2022Q3,非银金融,,,,,,,2.7,0.0,,,,,,0.0,,,,,7.79,8.88,,,8.88,0.0,0.0,,,,,,,,,,,,,,,数据不足,False,-15.66,2.7
2022Q3,综合,,,,,,,0.27,0.0,,,,,,0.0,,,,,,0.0,,,0.0,74.39,74.39,,,,,,,,,,,,,,,数据不足,False,9.62,0.27
2022Q3,建筑材料,,,,,,,1.47,0.0,,,,,,0.0,,,,,0.76,1.1,,,1.1,67.34,67.34,,,,,,,,,,,,,,,数据不足,False,11.25,1.47
2022Q3,建筑装饰,,,,,,,2.28,0.0,,,,,,0.0,,,,,1.14,1.98,,,1.98,0.0,0.0,,,,,,,,,,,,,,,数据不足,False,-9.3,2.28
2022Q3,电力设备,,,,,,,13.72,100.0,,,,,,0.0,,,,,8.13,12.16,,,12.16,0.0,0.0,,,,,,,,,,,,,,,数据不足,False,-19.25,13.72
2022Q3,机械设备,,,,,,,6.67,100.0,,,,,,0.0,,,,,2.84,1.94,,,1.94,0.0,0.0,,,,,,,,,,,,,,,数据不足,False,-0.19,6.67
2022Q3,国防军工,,,,,,,3.21,100.0,,,,,,0.0,,,,,1.84,1.6,,,1.6,0.0,0.0,,,,,,,,,,,,,,,数据不足,False,-7.65,3.21
2022Q3,计算机,,,,,,,4.2,0.0,,,,,,0.0,,,,,3.04,3.62,,,3.62,0.0,0.0,,,,,,,,,,,,,,,数据不足,False,-14.52,4.2
2022Q3,传媒,,,,,,,2.0,0.0,,,,,,0.0,,,,,0.82,0.64,,,0.64,0.0,0.0,,,,,,,,,,,,,,,数据不足,False,-16.64,2.0
2022Q3,通信,,,,,,,1.88,50.0,,,,,,0.0,,,,,10.82,1.15,,,1.15,0.0,0.0,,,,,,,,,,,,,,,数据不足,False,-6.41,1.88
2022Q3,煤炭,,,,,,,1.85,50.0,,,,,,0.0,,,,,0.85,1.45,,,1.45,67.39,67.39,,,,,,,,,,,,,,,数据不足,False,0.97,1.85
2022Q3,石油石化,,,,,,,1.26,0.0,,,,,,0.0,,,,,1.21,1.36,,,1.36,0.0,0.0,,,,,,,,,,,,,,,数据不足,False,-4.91,1.26
2022Q3,环保,,,,,,,0.99,100.0,,,,,,0.0,,,,,,0.0,,,0.0,0.0,0.0,,,,,,,,,,,,,,,数据不足,False,-10.13,0.99
2022Q3,美容护理,,,,,,,0.33,50.0,,,,,,0.0,,,,,0.05,0.39,,,0.39,0.0,0.0,,,,,,,,,,,,,,,数据不足,False,-13.9,0.33
2022Q4,农林牧渔,,,,,,,2.16,33.3333,,,,,,1.0,,,,,0.75,1.82,,,1.82,0.0,0.0,,,,,,,,,,,,,,,数据不足,False,-13.48,2.16
2022Q4,基础化工,,,,,,,4.96,0.0,,,,,,1.0,,,,,1.88,2.86,,,2.86,82.86,82.86,,,,,,,,,,,,,,,数据不足,False,0.15,4.96
2022Q4,钢铁,,,,,,,0.74,0.0,,,,,,1.0,,,,,0.39,0.6,,,0.6,0.0,0.0,,,,,,,,,,,,,,,数据不足,False,-14.74,0.74
2022Q4,有色金属,,,,,,,4.78,0.0,,,,,,1.0,,,,,5.25,3.18,,,3.18,81.9,81.9,,,,,,,,,,,,,,,数据不足,False,3.86,4.78
2022Q4,电子,,,,,,,7.41,66.6667,,,,,,1.0,,,,,24.21,6.94,,,6.94,77.64,77.64,,,,,,,,,,,,,,,数据不足,False,20.86,7.41
2022Q4,汽车,,,,,,,4.35,33.3333,,,,,,1.0,,,,,2.63,3.35,,,3.35,18.48,18.48,,,,,,,,,,,,,,,数据不足,False,-0.43,4.35
2022Q4,家用电器,,,,,,,1.53,66.6667,,,,,,1.0,,,,,2.51,3.09,,,3.09,0.0,0.0,,,,,,,,,,,,,,,数据不足,False,-7.69,1.53
2022Q4,食品饮料,,,,,,,4.91,100.0,,,,,,1.0,,,,,4.71,12.46,,,12.46,0.0,0.0,,,,,,,,,,,,,,,数据不足,False,-20.12,4.91
2022Q4,纺织服饰,,,,,,,0.93,100.0,,,,,,1.0,,,,,,0.05,,,0.05,0.0,0.0,,,,,,,,,,,,,,,数据不足,False,-7.46,0.93
2022Q4,轻工制造,,,,,,,1.51,100.0,,,,,,1.0,,,,,,0.29,,,0.29,22.99,22.99,,,,,,,,,,,,,,,数据不足,False,7.5,1.51
2022Q4,医药生物,,,,,,,13.31,100.0,,,,,,1.0,,,,,3.52,7.29,,,7.29,0.0,0.0,,,,,,,,,,,,,,,数据不足,False,-10.33,13.31
2022Q4,公用事业,,,,,,,2.34,0.0,,,,,,1.0,,,,,2.48,2.79,,,2.79,80.98,80.98,,,,,,,,,,,,,,,数据不足,False,1.06,2.34
2022Q4,交通运输,,,,,,,2.51,66.6667,,,,,,1.0,,,,,2.42,3.35,,,3.35,0.0,0.0,,,,,,,,,,,,,,,数据不足,False,-6.95,2.51
2022Q4,房地产,,,,,,,3.06,66.6667,,,,,,1.0,,,,,0.33,1.91,,,1.91,0.0,0.0,,,,,,,,,,,,,,,数据不足,False,-16.73,3.06
2022Q4,商贸零售,,,,,,,1.93,66.6667,,,,,,1.0,,,,,0.28,1.13,,,1.13,0.0,0.0,,,,,,,,,,,,,,,数据不足,False,-23.53,1.93
2022Q4,社会服务,,,,,,,1.71,100.0,,,,,,1.0,,,,,,0.0,,,0.0,0.0,0.0,,,,,,,,,,,,,,,数据不足,False,-16.71,1.71
2022Q4,银行,,,,,,,1.84,33.3333,,,,,,1.0,,,,,9.36,11.3,,,11.3,21.11,21.11,,,,,,,,,,,,,,,数据不足,False,4.08,1.84
2022Q4,非银金融,,,,,,,3.26,33.3333,,,,,,1.0,,,,,7.79,9.34,,,9.34,0.0,0.0,,,,,,,,,,,,,,,数据不足,False,-15.66,3.26
2022Q4,综合,,,,,,,0.26,0.0,,,,,,1.0,,,,,,0.0,,,0.0,82.37,82.37,,,,,,,,,,,,,,,数据不足,False,9.62,0.26
2022Q4,建筑材料,,,,,,,1.28,0.0,,,,,,1.0,,,,,0.76,1.08,,,1.08,80.75,80.75,,,,,,,,,,,,,,,数据不足,False,11.25,1.28
2022Q4,建筑装饰,,,,,,,2.38,33.3333,,,,,,1.0,,,,,1.14,2.09,,,2.09,0.0,0.0,,,,,,,,,,,,,,,数据不足,False,-9.3,2.38
2022Q4,电力设备,,,,,,,9.87,66.6667,,,,,,1.0,,,,,8.13,11.88,,,11.88,0.0,0.0,,,,,,,,,,,,,,,数据不足,False,-19.25,9.87
2022Q4,机械设备,,,,,,,5.0,66.6667,,,,,,1.0,,,,,2.84,2.2,,,2.2,0.0,0.0,,,,,,,,,,,,,,,数据不足,False,-0.19,5.0
2022Q4,国防军工,,,,,,,2.63,66.6667,,,,,,1.0,,,,,1.84,1.74,,,1.74,0.0,0.0,,,,,,,,,,,,,,,数据不足,False,-7.65,2.63
2022Q4,计算机,,,,,,,6.81,66.6667,,,,,,1.0,,,,,3.04,4.11,,,4.11,19.53,19.53,,,,,,,,,,,,,,,数据不足,False,14.18,6.81
2022Q4,传媒,,,,,,,2.53,33.3333,,,,,,1.0,,,,,0.82,0.72,,,0.72,19.48,19.48,,,,,,,,,,,,,,,数据不足,False,14.08,2.53
2022Q4,通信,,,,,,,2.26,100.0,,,,,,1.0,,,,,10.82,1.56,,,1.56,25.77,25.77,,,,,,,,,,,,,,,数据不足,False,2.37,2.26
2022Q4,煤炭,,,,,,,1.34,0.0,,,,,,1.0,,,,,0.85,1.25,,,1.25,0.0,0.0,,,,,,,,,,,,,,,数据不足,False,-16.37,1.34
2022Q4,石油石化,,,,,,,1.11,0.0,,,,,,1.0,,,,,1.21,1.13,,,1.13,0.0,0.0,,,,,,,,,,,,,,,数据不足,False,-5.12,1.11
2022Q4,环保,,,,,,,0.82,0.0,,,,,,1.0,,,,,,0.0,,,0.0,28.52,28.52,,,,,,,,,,,,,,,数据不足,False,2.73,0.82
2022Q4,美容护理,,,,,,,0.49,100.0,,,,,,1.0,,,,,0.05,0.5,,,0.5,46.24,46.24,,,,,,,,,,,,,,,数据不足,False,10.31,0.49
2023Q1,农林牧渔,,,,,,,1.82,0.0,-0.57,0.0,-0.74,,0.0,1.0,,,,,0.75,1.75,,,1.75,0.0,0.0,,,,,,,,,,,,,,,数据不足,False,-13.48,1.82
2023Q1,基础化工,,,,,,,4.27,0.0,-2.09,0.0,-1.13,,0.0,1.0,,,,,1.88,2.82,,,2.82,86.82,86.82,,,,,,,,,,,,,,,数据不足,False,0.15,4.27
2023Q1,钢铁,,,,,,,0.67,0.0,-0.47,0.0,-0.72,,0.0,1.0,,,,,0.39,0.6,,,0.6,0.0,0.0,,,,,,,,,,,,,,,数据不足,False,-14.74,0.67
2023Q1,有色金属,,,,,,,4.49,0.0,-1.32,0.0,-0.94,,0.0,1.0,,,,,5.25,3.31,,,3.31,85.13,85.13,,,,,,,,,,,,,,,数据不足,False,3.86,4.49
2023Q1,电子,,,,,,,8.74,75.0,1.41,0.0,0.87,,0.0,1.0,,,,,24.21,7.71,,,7.71,78.67,78.67,,,,,,,,,,,,,,,数据不足,False,20.86,8.74
2023Q1,汽车,,,,,,,4.28,25.0,-0.71,0.0,-0.41,,0.0,1.0,,,,,2.63,3.24,,,3.24,59.65,59.65,,,,,,,,,,,,,,,数据不足,False,3.93,4.28
2023Q1,家用电器,,,,,,,1.45,50.0,-0.04,0.0,0.13,,0.0,1.0,,,,,2.51,3.16,,,3.16,0.0,0.0,,,,,,,,,,,,,,,数据不足,False,-7.69,1.45
2023Q1,食品饮料,,,,,,,4.27,50.0,0.08,0.0,0.16,,0.0,1.0,,,,,4.71,12.47,,,12.47,0.0,0.0,,,,,,,,,,,,,,,数据不足,False,-20.12,4.27
2023Q1,纺织服饰,,,,,,,0.99,100.0,0.11,1.0,0.91,,1.0,1.0,,,,,,0.04,,,0.04,0.0,0.0,,,,,,,,,,,,,,,数据不足,False,-7.46,0.99
2023Q1,轻工制造,,,,,,,1.65,100.0,0.34,1.0,0.97,,1.0,1.0,,,,,,0.27,,,0.27,37.84,37.84,,,,,,,,,,,,,,,数据不足,False,3.78,1.65
2023Q1,医药生物,,,,,,,7.4,25.0,-2.84,0.0,-0.96,,0.0,1.0,,,,,3.52,6.86,,,6.86,0.0,0.0,,,,,,,,,,,,,,,数据不足,False,-10.33,7.4
2023Q1,公用事业,,,,,,,1.88,0.0,-0.83,0.0,-0.81,,0.0,1.0,,,,,2.48,2.73,,,2.73,86.45,86.45,,,,,,,,,,,,,,,数据不足,False,1.06,1.88
2023Q1,交通运输,,,,,,,1.95,0.0,-0.44,0.0,-0.71,,0.0,1.0,,,,,2.42,3.22,,,3.22,0.0,0.0,,,,,,,,,,,,,,,数据不足,False,-6.95,1.95
2023Q1,房地产,,,,,,,1.83,0.0,-1.09,0.0,-0.88,,0.0,1.0,,,,,0.33,1.64,,,1.64,0.0,0.0,,,,,,,,,,,,,,,数据不足,False,-16.73,1.83
2023Q1,商贸零售,,,,,,,1.71,50.0,0.09,0.0,0.17,,0.0,1.0,,,,,0.28,0.92,,,0.92,0.0,0.0,,,,,,,,,,,,,,,数据不足,False,-23.53,1.71
2023Q1,社会服务,,,,,,,1.42,75.0,0.21,0.0,0.56,,0.0,1.0,,,,,,0.0,,,0.0,0.0,0.0,,,,,,,,,,,,,,,数据不足,False,-16.71,1.42
2023Q1,银行,,,,,,,1.72,25.0,-0.2,0.0,-0.28,,0.0,1.0,,,,,9.36,10.57,,,10.57,17.55,17.55,,,,,,,,,,,,,,,数据不足,False,-2.7,1.72
2023Q1,非银金融,,,,,,,3.82,75.0,0.45,0.0,0.63,,0.0,1.0,,,,,7.79,9.04,,,9.04,0.0,0.0,,,,,,,,,,,,,,,数据不足,False,-15.66,3.82
2023Q1,综合,,,,,,,0.19,0.0,-0.14,0.0,-0.63,,0.0,1.0,,,,,,0.0,,,0.0,88.29,88.29,,,,,,,,,,,,,,,数据不足,False,9.62,0.19
2023Q1,建筑材料,,,,,,,1.13,0.0,-0.33,0.0,-0.68,,0.0,1.0,,,,,0.76,1.05,,,1.05,85.06,85.06,,,,,,,,,,,,,,,数据不足,False,11.25,1.13
2023Q1,建筑装饰,,,,,,,2.79,50.0,-0.13,0.0,0.11,,0.0,1.0,,,,,1.14,2.25,,,2.25,0.0,0.0,,,,,,,,,,,,,,,数据不足,False,-9.3,2.79
2023Q1,电力设备,,,,,,,8.88,0.0,-1.7,0.0,-1.03,,0.0,1.0,,,,,8.13,11.12,,,11.12,0.0,0.0,,,,,,,,,,,,,,,数据不足,False,-19.25,8.88
2023Q1,机械设备,,,,,,,5.01,75.0,-0.07,0.0,0.49,,0.0,1.0,,,,,2.84,2.31,,,2.31,0.0,0.0,,,,,,,,,,,,,,,数据不足,False,-0.19,5.01
2023Q1,国防军工,,,,,,,3.4,100.0,0.71,1.0,1.06,,1.0,1.0,,,,,1.84,1.64,,,1.64,0.0,0.0,,,,,,,,,,,,,,,数据不足,False,-7.65,3.4
2023Q1,计算机,,,,,,,11.98,100.0,6.28,1.0,2.5,,1.0,1.0,,,,,3.04,5.52,,,5.52,67.51,67.51,,,,,,,,,,,,,,,数据不足,False,36.79,11.98
2023Q1,传媒,,,,,,,4.78,100.0,2.08,1.0,1.42,,1.0,1.0,,,,,0.82,0.85,,,0.85,71.34,71.34,,,,,,,,,,,,,,,数据不足,False,34.24,4.78
2023Q1,通信,,,,,,,4.05,100.0,2.11,1.0,1.43,,1.0,1.0,,,,,10.82,1.95,,,1.95,67.66,67.66,,,,,,,,,,,,,,,数据不足,False,29.51,4.05
2023Q1,煤炭,,,,,,,1.08,0.0,-0.7,0.0,-0.78,,0.0,1.0,,,,,0.85,1.24,,,1.24,14.54,14.54,,,,,,,,,,,,,,,数据不足,False,3.42,1.08
2023Q1,石油石化,,,,,,,1.09,0.0,-0.19,0.0,-0.64,,0.0,1.0,,,,,1.21,1.27,,,1.27,60.82,60.82,,,,,,,,,,,,,,,数据不足,False,10.63,1.09
2023Q1,环保,,,,,,,0.81,0.0,-0.1,0.0,-0.62,,0.0,1.0,,,,,,0.0,,,0.0,40.38,40.38,,,,,,,,,,,,,,,数据不足,False,3.81,0.81
2023Q1,美容护理,,,,,,,0.46,75.0,0.08,0.0,0.53,,0.0,1.0,,,,,0.05,0.45,,,0.45,36.12,36.12,,,,,,,,,,,,,,,数据不足,False,-1.63,0.46
2023Q2,农林牧渔,,,,,,,1.21,0.0,-1.04,0.0,-0.71,,0.0,0.0,,,,,0.75,1.59,,,1.59,0.0,0.0,,,,,,,,,,,,,,,数据不足,False,-13.48,1.21
2023Q2,基础化工,,,,,,,2.85,0.0,-2.95,0.0,-1.05,,0.0,0.0,,,,,1.88,2.65,,,2.65,90.99,90.99,,,,,,,,,,,,,,,数据不足,False,0.15,2.85
2023Q2,钢铁,,,,,,,0.48,0.0,-0.47,0.0,-0.6,,0.0,0.0,,,,,0.39,0.56,,,0.56,0.0,0.0,,,,,,,,,,,,,,,数据不足,False,-14.74,0.48
2023Q2,有色金属,,,,,,,3.44,0.0,-1.99,0.0,-0.88,,0.0,0.0,,,,,5.25,3.35,,,3.35,88.63,88.63,,,,,,,,,,,,,,,数据不足,False,3.86,3.44
2023Q2,电子,,,,,,,10.16,100.0,2.26,1.0,1.41,,1.0,0.0,,,,,24.21,7.87,,,7.87,78.22,78.22,,,,,,,,,,,,,,,数据不足,False,20.86,10.16
2023Q2,汽车,,,,,,,3.39,0.0,-1.78,0.0,-0.84,,0.0,0.0,,,,,2.63,3.35,,,3.35,66.31,66.31,,,,,,,,,,,,,,,数据不足,False,1.88,3.39
2023Q2,家用电器,,,,,,,1.56,80.0,0.01,0.0,0.69,,0.0,0.0,,,,,2.51,3.31,,,3.31,0.0,0.0,,,,,,,,,,,,,,,数据不足,False,-7.69,1.56
2023Q2,食品饮料,,,,,,,2.89,0.0,-1.38,0.0,-0.77,,0.0,0.0,,,,,4.71,11.26,,,11.26,0.0,0.0,,,,,,,,,,,,,,,数据不足,False,-20.12,2.89
2023Q2,纺织服饰,,,,,,,0.68,0.0,-0.23,0.0,-0.56,,0.0,0.0,,,,,,0.04,,,0.04,0.0,0.0,,,,,,,,,,,,,,,数据不足,False,-7.46,0.68
2023Q2,轻工制造,,,,,,,1.2,40.0,-0.15,0.0,0.06,,0.0,0.0,,,,,,0.24,,,0.24,15.09,15.09,,,,,,,,,,,,,,,数据不足,False,-5.4,1.2
2023Q2,医药生物,,,,,,,6.13,0.0,-3.03,0.0,-1.07,,0.0,0.0,,,,,3.52,6.41,,,6.41,0.0,0.0,,,,,,,,,,,,,,,数据不足,False,-10.33,6.13
2023Q2,公用事业,,,,,,,2.19,20.0,-0.36,0.0,-0.28,,0.0,0.0,,,,,2.48,2.98,,,2.98,84.9,84.9,,,,,,,,,,,,,,,数据不足,False,1.06,2.19
2023Q2,交通运输,,,,,,,1.73,0.0,-0.65,0.0,-0.63,,0.0,0.0,,,,,2.42,3.12,,,3.12,0.0,0.0,,,,,,,,,,,,,,,数据不足,False,-6.95,1.73
2023Q2,房地产,,,,,,,1.39,0.0,-1.36,0.0,-0.76,,0.0,0.0,,,,,0.33,1.56,,,1.56,0.0,0.0,,,,,,,,,,,,,,,数据不足,False,-16.73,1.39
2023Q2,商贸零售,,,,,,,1.75,60.0,0.05,0.0,0.4,,0.0,0.0,,,,,0.28,0.57,,,0.57,0.0,0.0,,,,,,,,,,,,,,,数据不足,False,-23.53,1.75
2023Q2,社会服务,,,,,,,1.42,80.0,0.16,0.0,0.72,,0.0,0.0,,,,,,0.1,,,0.1,0.0,0.0,,,,,,,,,,,,,,,数据不足,False,-16.71,1.42
2023Q2,银行,,,,,,,2.05,60.0,0.23,0.0,0.43,,0.0,0.0,,,,,9.36,10.93,,,10.93,14.31,14.31,,,,,,,,,,,,,,,数据不足,False,-0.14,2.05
2023Q2,非银金融,,,,,,,3.87,80.0,0.43,0.0,0.77,,0.0,0.0,,,,,7.79,9.35,,,9.35,0.0,0.0,,,,,,,,,,,,,,,数据不足,False,-15.66,3.87
2023Q2,综合,,,,,,,0.15,0.0,-0.12,0.0,-0.54,,0.0,0.0,,,,,,0.0,,,0.0,90.58,90.58,,,,,,,,,,,,,,,数据不足,False,9.62,0.15
2023Q2,建筑材料,,,,,,,0.85,0.0,-0.53,0.0,-0.61,,0.0,0.0,,,,,0.76,0.98,,,0.98,88.83,88.83,,,,,,,,,,,,,,,数据不足,False,11.25,0.85
2023Q2,建筑装饰,,,,,,,2.93,60.0,0.16,0.0,0.42,,0.0,0.0,,,,,1.14,2.31,,,2.31,0.0,0.0,,,,,,,,,,,,,,,数据不足,False,-9.3,2.93
2023Q2,电力设备,,,,,,,7.54,0.0,-2.98,0.0,-1.06,,0.0,0.0,,,,,8.13,11.39,,,11.39,0.0,0.0,,,,,,,,,,,,,,,数据不足,False,-19.25,7.54
2023Q2,机械设备,,,,,,,5.36,80.0,0.15,0.0,0.72,,0.0,0.0,,,,,2.84,2.16,,,2.16,0.0,0.0,,,,,,,,,,,,,,,数据不足,False,-0.19,5.36
2023Q2,国防军工,,,,,,,3.18,60.0,0.29,0.0,0.44,,0.0,0.0,,,,,1.84,2.04,,,2.04,0.0,0.0,,,,,,,,,,,,,,,数据不足,False,-7.65,3.18
2023Q2,计算机,,,,,,,13.54,100.0,6.74,1.0,2.22,,1.0,0.0,,,,,3.04,5.32,,,5.32,47.79,47.79,,,,,,,,,,,,,,,数据不足,False,-6.74,13.54
2023Q2,传媒,,,,,,,9.46,100.0,6.48,1.0,2.17,,1.0,0.0,,,,,0.82,0.79,,,0.79,61.07,61.07,,,,,,,,,,,,,,,数据不足,False,6.34,9.46
2023Q2,通信,,,,,,,5.74,100.0,3.35,1.0,1.6,,1.0,0.0,,,,,10.82,2.26,,,2.26,65.98,65.98,,,,,,,,,,,,,,,数据不足,False,16.33,5.74
2023Q2,煤炭,,,,,,,0.82,0.0,-0.81,0.0,-0.66,,0.0,0.0,,,,,0.85,1.45,,,1.45,0.0,0.0,,,,,,,,,,,,,,,数据不足,False,-8.2,0.82
2023Q2,石油石化,,,,,,,0.98,0.0,-0.23,0.0,-0.56,,0.0,0.0,,,,,1.21,1.64,,,1.64,52.24,52.24,,,,,,,,,,,,,,,数据不足,False,-3.04,0.98
2023Q2,环保,,,,,,,0.68,0.0,-0.19,0.0,-0.55,,0.0,0.0,,,,,,0.0,,,0.0,34.89,34.89,,,,,,,,,,,,,,,数据不足,False,-2.51,0.68
2023Q2,美容护理,,,,,,,0.37,40.0,-0.05,0.0,0.08,,0.0,0.0,,,,,0.05,0.41,,,0.41,0.0,0.0,,,,,,,,,,,,,,,数据不足,False,-12.18,0.37
2023Q3,农林牧渔,,,,,,,1.45,16.6667,-0.37,0.0,-0.61,,0.0,0.0,,,,,0.75,1.53,,,1.53,0.0,0.0,,,,,,,,,,,,,,,数据不足,False,-13.48,1.45
2023Q3,基础化工,,,,,,,3.55,16.6667,-1.2,0.0,-0.92,,0.0,0.0,,,,,1.88,2.74,,,2.74,91.03,91.03,,,,,,,,,,,,,,,数据不足,False,0.15,3.55
2023Q3,钢铁,,,,,,,0.65,16.6667,-0.08,0.0,-0.5,,0.0,0.0,,,,,0.39,0.6,,,0.6,0.0,0.0,,,,,,,,,,,,,,,数据不足,False,-14.74,0.65
2023Q3,有色金属,,,,,,,3.61,16.6667,-1.21,0.0,-0.92,,0.0,0.0,,,,,5.25,3.34,,,3.34,90.52,90.52,,,,,,,,,,,,,,,数据不足,False,3.86,3.61
2023Q3,电子,,,,,,,8.92,66.6667,0.1,0.0,0.5,,0.0,0.0,,,,,24.21,7.61,,,7.61,85.62,85.62,,,,,,,,,,,,,,,数据不足,False,20.86,8.92
2023Q3,汽车,,,,,,,6.27,83.3333,1.67,0.0,1.39,,0.0,0.0,,,,,2.63,3.44,,,3.44,55.0,55.0,,,,,,,,,,,,,,,数据不足,False,-1.45,6.27
2023Q3,家用电器,,,,,,,1.41,33.3333,-0.18,0.0,-0.23,,0.0,0.0,,,,,2.51,3.31,,,3.31,0.0,0.0,,,,,,,,,,,,,,,数据不足,False,-7.69,1.41
2023Q3,食品饮料,,,,,,,3.38,16.6667,-0.51,0.0,-0.66,,0.0,0.0,,,,,4.71,12.05,,,12.05,0.0,0.0,,,,,,,,,,,,,,,数据不足,False,-20.12,3.38
2023Q3,纺织服饰,,,,,,,0.72,16.6667,-0.13,0.0,-0.52,,0.0,0.0,,,,,,0.04,,,0.04,0.0,0.0,,,,,,,,,,,,,,,数据不足,False,-7.46,0.72
2023Q3,轻工制造,,,,,,,1.62,83.3333,0.25,0.0,0.86,,0.0,0.0,,,,,,0.24,,,0.24,12.75,12.75,,,,,,,,,,,,,,,数据不足,False,-0.78,1.62
2023Q3,医药生物,,,,,,,6.65,33.3333,-1.66,0.0,-0.77,,0.0,0.0,,,,,3.52,6.73,,,6.73,0.0,0.0,,,,,,,,,,,,,,,数据不足,False,-10.33,6.65
2023Q3,公用事业,,,,,,,1.95,16.6667,-0.53,0.0,-0.67,,0.0,0.0,,,,,2.48,3.02,,,3.02,89.43,89.43,,,,,,,,,,,,,,,数据不足,False,1.06,1.95
2023Q3,交通运输,,,,,,,1.7,0.0,-0.4,0.0,-0.93,,0.0,0.0,,,,,2.42,3.12,,,3.12,0.0,0.0,,,,,,,,,,,,,,,数据不足,False,-6.95,1.7
2023Q3,房地产,,,,,,,3.01,66.6667,0.88,0.0,0.79,,0.0,0.0,,,,,0.33,1.57,,,1.57,0.0,0.0,,,,,,,,,,,,,,,数据不足,False,-16.73,3.01
2023Q3,商贸零售,,,,,,,1.7,33.3333,0.05,0.0,-0.14,,0.0,0.0,,,,,0.28,0.57,,,0.57,0.0,0.0,,,,,,,,,,,,,,,数据不足,False,-23.53,1.7
2023Q3,社会服务,,,,,,,1.14,33.3333,-0.19,0.0,-0.23,,0.0,0.0,,,,,,0.1,,,0.1,0.0,0.0,,,,,,,,,,,,,,,数据不足,False,-16.71,1.14
2023Q3,银行,,,,,,,1.87,50.0,0.09,0.0,0.18,,0.0,0.0,,,,,9.36,11.5,,,11.5,40.55,40.55,,,,,,,,,,,,,,,数据不足,False,1.5,1.87
2023Q3,非银金融,,,,,,,6.75,100.0,3.34,1.0,2.32,,1.0,0.0,,,,,7.79,10.23,,,10.23,0.0,0.0,,,,,,,,,,,,,,,数据不足,False,-15.66,6.75
2023Q3,综合,,,,,,,0.15,0.0,-0.07,0.0,-0.81,,0.0,0.0,,,,,,0.0,,,0.0,92.64,92.64,,,,,,,,,,,,,,,数据不足,False,9.62,0.15
2023Q3,建筑材料,,,,,,,1.0,16.6667,-0.18,0.0,-0.54,,0.0,0.0,,,,,0.76,1.06,,,1.06,89.61,89.61,,,,,,,,,,,,,,,数据不足,False,11.25,1.0
2023Q3,建筑装饰,,,,,,,2.53,33.3333,-0.07,0.0,-0.19,,0.0,0.0,,,,,1.14,2.22,,,2.22,0.0,0.0,,,,,,,,,,,,,,,数据不足,False,-9.3,2.53
2023Q3,电力设备,,,,,,,7.1,0.0,-2.9,0.0,-1.86,,0.0,0.0,,,,,8.13,9.78,,,9.78,0.0,0.0,,,,,,,,,,,,,,,数据不足,False,-19.25,7.1
2023Q3,机械设备,,,,,,,6.02,83.3333,0.51,0.0,0.96,,0.0,0.0,,,,,2.84,2.19,,,2.19,0.0,0.0,,,,,,,,,,,,,,,数据不足,False,-0.19,6.02
2023Q3,国防军工,,,,,,,2.78,50.0,-0.32,0.0,0.03,,0.0,0.0,,,,,1.84,1.88,,,1.88,0.0,0.0,,,,,,,,,,,,,,,数据不足,False,-7.65,2.78
2023Q3,计算机,,,,,,,10.46,66.6667,1.33,0.0,0.95,,0.0,0.0,,,,,3.04,4.61,,,4.61,39.89,39.89,,,,,,,,,,,,,,,数据不足,False,-11.71,10.46
2023Q3,传媒,,,,,,,5.13,83.3333,0.44,0.0,0.93,,0.0,0.0,,,,,0.82,0.7,,,0.7,36.75,36.75,,,,,,,,,,,,,,,数据不足,False,-15.58,5.13
2023Q3,通信,,,,,,,5.1,83.3333,1.62,0.0,1.37,,0.0,0.0,,,,,10.82,2.16,,,2.16,52.14,52.14,,,,,,,,,,,,,,,数据不足,False,-10.65,5.1
2023Q3,煤炭,,,,,,,0.93,16.6667,-0.34,0.0,-0.6,,0.0,0.0,,,,,0.85,1.55,,,1.55,8.5,8.5,,,,,,,,,,,,,,,数据不足,False,5.26,0.93
2023Q3,石油石化,,,,,,,0.86,0.0,-0.25,0.0,-0.88,,0.0,0.0,,,,,1.21,1.72,,,1.72,90.28,90.28,,,,,,,,,,,,,,,数据不足,False,4.37,0.86
2023Q3,环保,,,,,,,1.16,100.0,0.34,1.0,1.21,,1.0,0.0,,,,,,0.0,,,0.0,17.03,17.03,,,,,,,,,,,,,,,数据不足,False,-3.32,1.16
2023Q3,美容护理,,,,,,,0.39,66.6667,-0.02,0.0,0.46,,0.0,0.0,,,,,0.05,0.39,,,0.39,0.0,0.0,,,,,,,,,,,,,,,数据不足,False,-7.92,0.39
2023Q4,农林牧渔,,,,,,,1.21,14.2857,-0.45,0.0,-0.52,,0.0,0.0,,,,,0.75,1.71,,,1.71,0.0,0.0,,,,,,,,,,,,,,,数据不足,False,-13.48,1.21
2023Q4,基础化工,,,,,,,3.37,14.2857,-0.54,0.0,-0.55,,0.0,0.0,,,,,1.88,2.51,,,2.51,91.88,91.88,,,,,,,,,,,,,,,数据不足,False,0.15,3.37
2023Q4,钢铁,,,,,,,0.5,14.2857,-0.13,0.0,-0.4,,0.0,0.0,,,,,0.39,0.57,,,0.57,0.0,0.0,,,,,,,,,,,,,,,数据不足,False,-14.74,0.5
2023Q4,有色金属,,,,,,,3.05,0.0,-1.03,0.0,-1.0,,0.0,0.0,,,,,5.25,3.43,,,3.43,92.32,92.32,,,,,,,,,,,,,,,数据不足,False,3.86,3.05
2023Q4,电子,,,,,,,13.01,100.0,4.2,1.0,2.77,,1.0,0.0,,,,,24.21,8.79,,,8.79,82.12,82.12,,,,,,,,,,,,,,,数据不足,False,20.86,13.01
2023Q4,汽车,,,,,,,7.45,100.0,2.88,1.0,2.28,,1.0,0.0,,,,,2.63,3.43,,,3.43,35.69,35.69,,,,,,,,,,,,,,,数据不足,False,-1.02,7.45
2023Q4,家用电器,,,,,,,1.63,85.7143,0.14,0.0,1.0,,0.0,0.0,,,,,2.51,3.27,,,3.27,0.0,0.0,,,,,,,,,,,,,,,数据不足,False,-7.69,1.63
2023Q4,食品饮料,,,,,,,2.85,0.0,-1.02,0.0,-0.99,,0.0,0.0,,,,,4.71,11.82,,,11.82,0.0,0.0,,,,,,,,,,,,,,,数据不足,False,-20.12,2.85
2023Q4,纺织服饰,,,,,,,0.82,28.5714,-0.01,0.0,-0.1,,0.0,0.0,,,,,,0.05,,,0.05,0.0,0.0,,,,,,,,,,,,,,,数据不足,False,-7.46,0.82
2023Q4,轻工制造,,,,,,,1.35,42.8571,-0.15,0.0,0.11,,0.0,0.0,,,,,,0.23,,,0.23,0.0,0.0,,,,,,,,,,,,,,,数据不足,False,-4.79,1.35
2023Q4,医药生物,,,,,,,8.68,57.1429,0.31,0.0,0.54,,0.0,0.0,,,,,3.52,7.45,,,7.45,0.0,0.0,,,,,,,,,,,,,,,数据不足,False,-10.33,8.68
2023Q4,公用事业,,,,,,,1.55,0.0,-0.54,0.0,-0.81,,0.0,0.0,,,,,2.48,3.36,,,3.36,91.97,91.97,,,,,,,,,,,,,,,数据不足,False,1.06,1.55
2023Q4,交通运输,,,,,,,1.64,0.0,-0.34,0.0,-0.74,,0.0,0.0,,,,,2.42,3.12,,,3.12,0.0,0.0,,,,,,,,,,,,,,,数据不足,False,-6.95,1.64
2023Q4,房地产,,,,,,,1.89,28.5714,-0.43,0.0,-0.25,,0.0,0.0,,,,,0.33,1.37,,,1.37,0.0,0.0,,,,,,,,,,,,,,,数据不足,False,-16.73,1.89
2023Q4,商贸零售,,,,,,,1.58,28.5714,-0.19,0.0,-0.16,,0.0,0.0,,,,,0.28,0.47,,,0.47,0.0,0.0,,,,,,,,,,,,,,,数据不足,False,-23.53,1.58
2023Q4,社会服务,,,,,,,0.98,14.2857,-0.44,0.0,-0.52,,0.0,0.0,,,,,,0.08,,,0.08,0.0,0.0,,,,,,,,,,,,,,,数据不足,False,-16.71,0.98
2023Q4,银行,,,,,,,1.56,14.2857,-0.31,0.0,-0.47,,0.0,0.0,,,,,9.36,11.67,,,11.67,0.0,0.0,,,,,,,,,,,,,,,数据不足,False,-6.61,1.56
2023Q4,非银金融,,,,,,,3.63,42.8571,-0.8,0.0,-0.13,,0.0,0.0,,,,,7.79,9.75,,,9.75,0.0,0.0,,,,,,,,,,,,,,,数据不足,False,-15.66,3.63
2023Q4,综合,,,,,,,0.17,28.5714,-0.02,0.0,-0.1,,0.0,0.0,,,,,,0.0,,,0.0,91.74,91.74,,,,,,,,,,,,,,,数据不足,False,9.62,0.17
2023Q4,建筑材料,,,,,,,0.91,14.2857,-0.15,0.0,-0.41,,0.0,0.0,,,,,0.76,0.87,,,0.87,91.06,91.06,,,,,,,,,,,,,,,数据不足,False,11.25,0.91
2023Q4,建筑装饰,,,,,,,2.03,0.0,-0.62,0.0,-0.85,,0.0,0.0,,,,,1.14,2.01,,,2.01,0.0,0.0,,,,,,,,,,,,,,,数据不足,False,-9.3,2.03
2023Q4,电力设备,,,,,,,6.71,0.0,-1.64,0.0,-1.22,,0.0,0.0,,,,,8.13,8.38,,,8.38,0.0,0.0,,,,,,,,,,,,,,,数据不足,False,-19.25,6.71
2023Q4,机械设备,,,,,,,6.31,85.7143,0.96,0.0,1.31,,0.0,0.0,,,,,2.84,2.25,,,2.25,0.0,0.0,,,,,,,,,,,,,,,数据不足,False,-0.19,6.31
2023Q4,国防军工,,,,,,,2.99,57.1429,-0.01,0.0,0.43,,0.0,0.0,,,,,1.84,1.96,,,1.96,0.0,0.0,,,,,,,,,,,,,,,数据不足,False,-7.65,2.99
2023Q4,计算机,,,,,,,10.54,71.4286,-0.16,0.0,0.63,,0.0,0.0,,,,,3.04,4.57,,,4.57,22.08,22.08,,,,,,,,,,,,,,,数据不足,False,-3.26,10.54
2023Q4,传媒,,,,,,,5.92,85.7143,0.44,0.0,1.11,,0.0,0.0,,,,,0.82,0.64,,,0.64,30.96,30.96,,,,,,,,,,,,,,,数据不足,False,-3.08,5.92
2023Q4,通信,,,,,,,4.81,71.4286,0.52,0.0,0.88,,0.0,0.0,,,,,10.82,2.47,,,2.47,29.27,29.27,,,,,,,,,,,,,,,数据不足,False,-6.58,4.81
2023Q4,煤炭,,,,,,,0.9,14.2857,-0.14,0.0,-0.41,,0.0,0.0,,,,,0.85,1.6,,,1.6,36.03,36.03,,,,,,,,,,,,,,,数据不足,False,4.18,0.9
2023Q4,石油石化,,,,,,,0.88,14.2857,-0.13,0.0,-0.4,,0.0,0.0,,,,,1.21,1.86,,,1.86,11.28,11.28,,,,,,,,,,,,,,,数据不足,False,-6.82,0.88
2023Q4,环保,,,,,,,0.77,14.2857,-0.09,0.0,-0.39,,0.0,0.0,,,,,,0.0,,,0.0,0.0,0.0,,,,,,,,,,,,,,,数据不足,False,-4.99,0.77
2023Q4,美容护理,,,,,,,0.32,0.0,-0.1,0.0,-0.65,,0.0,0.0,,,,,0.05,0.32,,,0.32,0.0,0.0,,,,,,,,,,,,,,,数据不足,False,-14.55,0.32
2024Q1,农林牧渔,0.4,,,,,0.0004,1.2,0.0,-0.22,0.0,-1.33,,0.0,1.0,,0.4,,,0.75,1.64,1.0,3.0,1.64,0.0,0.0,,,,0.44,,,,-0.11,-0.23,-0.27,-0.2299,,2.04,0.4,数据不足,False,-13.48,1.2
2024Q1,基础化工,0.62,,,,,0.001,3.84,37.5,0.33,0.0,-0.11,,0.0,1.0,,0.62,,,1.88,2.56,1.0,2.0,2.56,91.22,91.22,,,,0.56,,,,0.27,0.39,0.54,0.3886,,3.18,0.62,数据不足,False,0.15,3.84
2024Q1,钢铁,-0.2,,,,,0.0,0.6,25.0,0.03,0.0,-0.6,,0.0,1.0,,-0.2,,,0.39,0.62,1.0,1.0,0.62,0.0,0.0,,,,-0.22,,,,-0.26,-0.39,-0.41,-0.39,,0.41,-0.2,数据不足,False,-14.74,0.6
2024Q1,有色金属,2.06,,,,,0.0036,3.5,25.0,-0.15,0.0,-0.72,,0.0,1.0,,2.06,,,5.25,3.95,2.0,1.0,3.95,91.62,91.62,,,,1.69,,,,0.38,0.6,0.75,0.6012,,6.01,2.06,数据不足,False,3.86,3.5
2024Q1,电子,4.02,,,,,0.0148,11.27,87.5,1.06,0.0,1.51,,0.0,1.0,,4.02,,,24.21,8.17,1.0,1.0,8.17,86.13,86.13,,,,0.34,,,,-0.23,0.79,0.92,0.7868,,12.19,4.02,数据不足,False,20.86,11.27
2024Q1,汽车,1.57,,,,,0.0026,5.36,50.0,0.01,0.0,-0.05,,0.0,1.0,,1.57,,,2.63,3.51,1.0,2.0,3.51,46.96,46.96,,,,1.57,,,,0.15,0.24,0.3,0.2432,,5.08,1.57,数据不足,False,0.58,5.36
2024Q1,家用电器,0.63,,,,,0.0018,1.7,87.5,0.19,0.0,0.9,,0.0,1.0,,0.63,,,2.51,3.62,1.0,2.0,3.62,0.0,0.0,,,,0.81,,,,-0.17,-0.21,-0.25,-0.214,,4.25,0.63,数据不足,False,-7.69,1.7
2024Q1,食品饮料,1.53,,,,,0.0174,2.92,25.0,-0.42,0.0,-0.91,,0.0,1.0,,1.53,,,4.71,11.66,1.0,3.0,11.66,0.0,0.0,,,,1.14,,,,0.03,-0.12,-0.16,-0.1166,,13.2,1.53,数据不足,False,-20.12,2.92
2024Q1,纺织服饰,0.61,,,,,0.0,1.06,100.0,0.26,1.0,1.23,,1.0,1.0,,0.61,,,,0.05,13.0,,0.05,0.0,0.0,,,,0.8,,,,1.67,1.63,1.22,1.6275,,0.66,0.61,数据不足,False,-7.46,1.06
2024Q1,轻工制造,0.92,,,,,0.0001,1.46,50.0,0.01,0.0,-0.06,,0.0,1.0,,0.92,,,,0.22,5.0,,0.22,0.0,0.0,,,,0.24,,,,0.39,0.47,0.3,0.4708,,1.14,0.92,数据不足,False,-5.96,1.46
2024Q1,医药生物,5.45,,,,,0.0138,7.13,37.5,-0.09,0.0,-0.4,,0.0,1.0,,5.45,,,3.52,6.3,2.0,3.0,6.3,0.0,0.0,,,,5.6,,,,0.53,0.45,0.39,0.4506,,11.75,5.45,数据不足,False,-10.33,7.13
2024Q1,公用事业,-1.44,,,,,0.0005,1.97,37.5,0.08,0.0,-0.29,,0.0,1.0,,-1.44,,,2.48,3.71,1.0,1.0,3.71,90.43,90.43,,,,-1.56,,,,-0.09,0.05,0.22,0.0473,,2.27,-1.44,数据不足,False,1.06,1.97
2024Q1,交通运输,-0.91,,,,,0.0005,1.98,62.5,0.22,0.0,0.37,,0.0,1.0,,-0.91,,,2.42,3.2,1.0,1.0,3.2,0.0,0.0,,,,-0.73,,,,-0.43,-0.46,-0.49,-0.4642,,2.29,-0.91,数据不足,False,-6.95,1.98
2024Q1,房地产,-0.25,,,,,0.0001,1.63,12.5,-0.4,0.0,-1.18,,0.0,1.0,,-0.25,,,0.33,1.2,1.0,3.0,1.2,0.0,0.0,,,,-0.39,,,,-0.24,-0.38,-0.4,-0.376,,0.95,-0.25,数据不足,False,-16.73,1.63
2024Q1,商贸零售,0.08,,,,,0.0,1.4,25.0,-0.28,0.0,-0.82,,0.0,1.0,,0.08,,,0.28,0.46,1.0,2.0,0.46,0.0,0.0,,,,-0.64,,,,-0.13,-0.28,-0.32,-0.2778,,0.54,0.08,数据不足,False,-23.53,1.4
2024Q1,社会服务,0.49,,,,,0.0,1.27,62.5,0.03,0.0,0.23,,0.0,1.0,,0.49,,,,0.07,8.0,,0.07,0.0,0.0,,,,0.35,,,,1.0,0.86,0.6,0.8579,,0.55,0.49,数据不足,False,-16.71,1.27
2024Q1,银行,-10.14,,,,,0.0006,2.28,100.0,0.48,1.0,1.38,,1.0,1.0,,-10.14,,,9.36,12.56,0.0,0.0,12.56,60.15,60.15,,,,-6.79,,,,-0.92,-1.22,-1.1,-1.2175,,2.42,-10.14,数据不足,False,10.6,2.28
2024Q1,非银金融,-8.51,,,,,0.0,3.95,75.0,-0.57,0.0,0.1,,0.0,1.0,,-8.51,,,7.79,9.19,0.0,0.0,9.19,0.0,0.0,,,,-8.58,,,,-1.31,-1.44,-1.45,-1.4407,,0.68,-8.51,数据不足,False,-15.66,3.95
2024Q1,综合,0.11,,,,,0.0,0.17,25.0,0.0,0.0,-0.62,,0.0,1.0,,0.11,,,,0.0,,,0.0,92.17,92.17,,,,-1.0,,,,0.3,0.73,0.85,0.7346,,0.11,0.11,数据不足,False,9.62,0.17
2024Q1,建筑材料,-0.39,,,,,0.0,1.07,37.5,0.09,0.0,-0.28,,0.0,1.0,,-0.39,,,0.76,0.85,1.0,1.0,0.85,90.19,90.19,,,,-1.78,,,,-0.35,0.15,0.33,0.1546,,0.46,-0.39,数据不足,False,11.25,1.07
2024Q1,建筑装饰,-1.67,,,,,0.0,2.65,50.0,0.08,0.0,-0.0,,0.0,1.0,,-1.67,,,1.14,2.14,0.0,0.0,2.14,0.0,0.0,,,,-1.5,,,,-0.56,-0.63,-0.64,-0.6301,,0.47,-1.67,数据不足,False,-9.3,2.65
2024Q1,电力设备,2.73,,,,,0.012,8.15,37.5,0.59,0.0,0.07,,0.0,1.0,,2.73,,,8.13,8.22,1.0,1.0,8.22,0.0,0.0,,,,2.4,,,,0.2,0.05,0.01,0.0524,,10.95,2.73,数据不足,False,-19.25,8.15
2024Q1,机械设备,1.51,,,,,0.0015,7.0,100.0,1.32,1.0,1.97,,1.0,1.0,,1.51,,,2.84,2.37,2.0,1.0,2.37,0.0,0.0,,,,1.47,,,,-0.15,-0.04,-0.1,-0.0397,,3.88,1.51,数据不足,False,-0.19,7.0
2024Q1,国防军工,0.72,,,,,0.0007,2.86,50.0,-0.23,0.0,-0.22,,0.0,1.0,,0.72,,,1.84,1.9,1.0,1.0,1.9,0.0,0.0,,,,0.9,,,,-0.13,-0.17,-0.22,-0.1707,,2.63,0.72,数据不足,False,-7.65,2.86
2024Q1,计算机,-0.18,,,,,0.0016,9.6,50.0,-2.04,0.0,-1.48,,0.0,1.0,,-0.18,,,3.04,4.15,1.0,1.0,4.15,5.83,5.83,,,,-2.12,,,,-0.33,-0.3,-0.33,-0.3043,,3.96,-0.18,数据不足,False,-10.51,9.6
2024Q1,传媒,0.31,,,,,0.0001,5.32,75.0,-1.0,0.0,-0.2,,0.0,1.0,,0.31,,,0.82,0.62,1.0,1.0,0.62,26.98,26.98,,,,-0.1,,,,0.04,-0.02,-0.02,-0.0242,,0.93,0.31,数据不足,False,-1.48,5.32
2024Q1,通信,1.16,,,,,0.0015,4.87,75.0,-0.06,0.0,0.45,,0.0,1.0,,1.16,,,10.82,2.69,1.0,0.0,2.69,51.12,51.12,,,,1.68,,,,0.3,0.22,0.28,0.2214,,3.85,1.16,数据不足,False,5.68,4.87
2024Q1,煤炭,-0.46,,,,,0.0002,1.3,50.0,0.37,0.0,0.19,,0.0,1.0,,-0.46,,,0.85,1.83,1.0,2.0,1.83,54.2,54.2,,,,2.11,,,,0.15,-0.05,0.04,-0.0537,,1.37,-0.46,数据不足,False,10.46,1.3
2024Q1,石油石化,-1.07,,,,,0.0001,1.07,37.5,0.11,0.0,-0.26,,0.0,1.0,,-1.07,,,1.21,2.2,1.0,1.0,2.2,89.41,89.41,,,,1.6,,,,0.3,0.07,0.24,0.0678,,1.14,-1.07,数据不足,False,10.58,1.07
2024Q1,环保,0.3,,,,,0.0,1.04,87.5,0.19,0.0,0.9,,0.0,1.0,,0.3,,,,0.0,,,0.0,0.0,0.0,,,,-0.57,,,,-0.36,-0.26,-0.32,-0.2554,,0.3,0.3,数据不足,False,-6.57,1.04
2024Q1,美容护理,0.02,,,,,0.0,0.39,62.5,0.01,0.0,0.22,,0.0,1.0,,0.02,,,0.05,0.32,1.0,7.0,0.32,0.0,0.0,,,,2.27,,,,0.04,-0.3,-0.34,-0.3003,,0.35,0.02,数据不足,False,-2.08,0.39
2024Q2,农林牧渔,0.29,,0.0,-0.11,,0.0004,1.42,33.3333,0.15,0.0,-0.25,,0.0,1.0,,0.29,,0.0,0.75,1.69,1.0,3.0,1.69,0.0,0.0,,,,0.76,,-35.8128,,-0.15,-0.34,-0.41,-0.34,-0.74,1.98,0.29,数据不足,False,-13.48,1.42
2024Q2,基础化工,0.54,,0.0,-0.08,,0.001,5.46,66.6667,2.05,0.0,1.02,,0.0,1.0,,0.54,,0.0,1.88,2.58,1.0,2.0,2.58,89.41,89.41,,,,0.56,,-43.2928,,0.06,0.16,0.2,0.1552,-0.37,3.12,0.54,数据不足,False,0.15,5.46
2024Q2,钢铁,-0.09,,100.0,0.12,,0.0,0.66,44.4444,0.1,0.0,-0.05,,0.0,1.0,,-0.09,,100.0,0.39,0.59,1.0,1.0,0.59,0.0,0.0,,,,0.34,,64.8039,,0.17,-0.04,0.01,-0.0381,0.8,0.5,-0.09,数据不足,False,-14.74,0.66
2024Q2,有色金属,1.98,,0.0,-0.08,,0.0036,5.65,66.6667,2.25,0.0,1.08,,0.0,1.0,,1.98,,0.0,5.25,4.05,1.0,1.0,4.05,88.6,88.6,,,,1.52,,-45.6088,,0.11,0.33,0.35,0.3279,-0.35,6.02,1.98,数据不足,False,3.86,5.65
2024Q2,电子,6.89,,100.0,2.87,,0.0252,12.59,88.8889,1.75,0.0,1.36,,0.0,1.0,,6.89,,100.0,24.21,8.99,2.0,1.0,8.99,87.16,87.16,,,,1.73,,41.8634,,0.14,1.19,1.27,1.1917,1.21,15.88,6.89,数据不足,False,20.86,12.59
2024Q2,汽车,1.6,,100.0,0.03,,0.0027,5.6,55.5556,-0.02,0.0,0.14,,0.0,1.0,,1.6,,100.0,2.63,3.63,1.0,2.0,3.63,7.35,7.35,,,,0.96,,53.7938,,0.13,0.26,0.28,0.2583,0.85,5.23,1.6,数据不足,False,-3.84,5.6
2024Q2,家用电器,1.26,,100.0,0.63,,0.0024,1.9,100.0,0.33,1.0,1.13,,1.0,1.0,,1.26,,100.0,2.51,3.62,1.0,2.0,3.62,0.0,0.0,,,,1.78,,61.1899,,0.27,0.17,0.19,0.1727,1.15,4.87,1.26,数据不足,False,-7.69,1.9
2024Q2,食品饮料,-0.63,,0.0,-2.16,,0.0091,2.86,11.1111,-0.16,0.0,-0.79,,0.0,1.0,,-0.63,,0.0,4.71,10.16,1.0,2.0,10.16,0.0,0.0,,,,-0.57,,-32.6615,,-0.21,-0.46,-0.51,-0.4636,-0.9,9.53,-0.63,数据不足,False,-20.12,2.86
2024Q2,纺织服饰,0.43,,0.0,-0.18,,0.0,0.77,22.2222,-0.05,0.0,-0.54,,0.0,1.0,,0.43,,0.0,,0.05,9.0,,0.05,0.0,0.0,,,,0.95,,-38.9336,,1.32,1.23,0.77,1.2306,-0.83,0.49,0.43,数据不足,True,-7.46,0.77
2024Q2,轻工制造,0.71,,0.0,-0.21,,0.0001,1.2,33.3333,-0.2,0.0,-0.36,,0.0,1.0,,0.71,,0.0,,0.2,4.0,,0.2,0.0,0.0,,,,-1.29,,-43.9814,,0.23,0.33,0.1,0.3291,-0.78,0.91,0.71,数据不足,True,-14.72,1.2
2024Q2,医药生物,5.14,,0.0,-0.31,,0.0124,6.79,33.3333,-0.35,0.0,-0.41,,0.0,1.0,,5.14,,0.0,3.52,6.01,2.0,3.0,6.01,0.0,0.0,,,,5.68,,-37.4158,,0.35,0.21,0.08,0.2081,-0.79,11.15,5.14,数据不足,True,-10.33,6.79
2024Q2,公用事业,-1.8,,0.0,-0.36,,0.0008,2.9,88.8889,0.99,0.0,1.12,,0.0,1.0,,-1.8,,0.0,2.48,4.69,1.0,1.0,4.69,88.18,88.18,,,,-1.88,,-43.8528,,-0.29,-0.17,-0.08,-0.1654,-0.34,2.9,-1.8,数据不足,False,1.06,2.9
2024Q2,交通运输,-1.43,,0.0,-0.51,,0.0005,2.47,77.7778,0.71,0.0,0.81,,0.0,1.0,,-1.43,,0.0,2.42,3.75,1.0,1.0,3.75,0.0,0.0,,,,-0.93,,-39.2132,,-0.51,-0.59,-0.62,-0.593,-0.43,2.32,-1.43,数据不足,False,-6.95,2.47
2024Q2,房地产,-0.05,,100.0,0.21,,0.0001,2.19,44.4444,0.21,0.0,-0.01,,0.0,1.0,,-0.05,,100.0,0.33,0.92,1.0,3.0,0.92,0.0,0.0,,,,0.27,,65.7633,,0.21,-0.02,0.03,-0.0158,0.81,0.87,-0.05,数据不足,False,-16.73,2.19
2024Q2,商贸零售,-0.12,,0.0,-0.2,,0.0,1.18,0.0,-0.43,0.0,-1.1,,0.0,1.0,,-0.12,,0.0,0.28,0.46,1.0,1.0,0.46,0.0,0.0,,,,-0.41,,-31.1498,,-0.18,-0.46,-0.5,-0.458,-0.99,0.34,-0.12,数据不足,False,-23.53,1.18
2024Q2,社会服务,0.42,,0.0,-0.06,,0.0,1.15,44.4444,-0.06,0.0,-0.1,,0.0,1.0,,0.42,,0.0,,0.0,,,0.0,0.0,0.0,,,,0.74,,-34.2445,,-0.19,-0.42,-0.48,-0.4155,-0.7,0.42,0.42,数据不足,False,-16.71,1.15
2024Q2,银行,-10.41,,0.0,-0.27,,0.0007,2.4,100.0,0.45,1.0,1.17,,1.0,1.0,,-10.41,,0.0,9.36,13.14,0.0,0.0,13.14,64.83,64.83,,,,-7.09,,-64.5165,,-1.01,-1.11,-0.99,-1.1063,-0.33,2.74,-10.41,数据不足,False,5.81,2.4
2024Q2,非银金融,-8.31,,100.0,0.2,,0.0001,3.26,11.1111,-1.29,0.0,-1.15,,0.0,1.0,,-8.31,,100.0,7.79,9.06,0.0,0.0,9.06,0.0,0.0,,,,-7.94,,65.2507,,-0.68,-0.89,-0.76,-0.8931,0.47,0.74,-8.31,数据不足,True,-15.66,3.26
2024Q2,综合,0.09,,0.0,-0.02,,0.0,0.15,0.0,-0.02,0.0,-0.97,,0.0,1.0,,0.09,,0.0,,0.0,,,0.0,94.05,94.05,,,,-1.48,,-49.4798,,-0.17,0.28,0.31,0.2776,-0.95,0.09,0.09,数据不足,False,9.62,0.15
2024Q2,建筑材料,-0.3,,100.0,0.1,,0.0,0.93,22.2222,-0.02,0.0,-0.53,,0.0,1.0,,-0.3,,100.0,0.76,0.78,1.0,1.0,0.78,92.47,92.47,,,,-2.27,,49.3568,,-0.14,0.38,0.56,0.3819,0.66,0.48,-0.3,数据不足,True,11.25,0.93
2024Q2,建筑装饰,-1.69,,0.0,-0.02,,0.0,2.57,44.4444,0.03,0.0,-0.07,,0.0,1.0,,-1.69,,0.0,1.14,2.24,0.0,0.0,2.24,0.0,0.0,,,,-1.15,,-37.9523,,-0.56,-0.69,-0.7,-0.6872,-0.69,0.55,-1.69,数据不足,False,-9.3,2.57
2024Q2,电力设备,2.96,,100.0,0.23,,0.0103,8.11,33.3333,0.73,0.0,-0.07,,0.0,1.0,,2.96,,100.0,8.13,7.17,1.0,1.0,7.17,0.0,0.0,,,,3.09,,66.9375,,0.58,0.33,0.34,0.3312,0.79,10.13,2.96,数据不足,False,-19.25,8.11
2024Q2,机械设备,1.5,,0.0,-0.01,,0.0015,6.42,77.7778,0.25,0.0,0.66,,0.0,1.0,,1.5,,0.0,2.84,2.41,2.0,1.0,2.41,0.0,0.0,,,,1.56,,-43.0882,,-0.24,-0.15,-0.24,-0.1498,-0.47,3.91,1.5,数据不足,True,-0.19,6.42
2024Q2,国防军工,1.13,,100.0,0.4,,0.0011,3.63,100.0,0.67,1.0,1.24,,1.0,1.0,,1.13,,100.0,1.84,2.12,2.0,2.0,2.12,0.0,0.0,,,,1.64,,61.1699,,0.29,0.2,0.21,0.1962,1.18,3.24,1.13,数据不足,False,-7.65,3.63
2024Q2,计算机,-1.2,,0.0,-1.02,,0.0006,6.82,33.3333,-4.22,0.0,-1.64,,0.0,1.0,,-1.2,,0.0,3.04,3.72,1.0,1.0,3.72,0.0,0.0,,,,-1.9,,-46.6145,,-0.51,-0.56,-0.6,-0.5629,-1.15,2.52,-1.2,数据不足,False,-16.06,6.82
2024Q2,传媒,-0.03,,0.0,-0.34,,0.0,3.1,33.3333,-3.36,0.0,-1.37,,0.0,1.0,,-0.03,,0.0,0.82,0.7,1.0,1.0,0.7,4.91,4.91,,,,-1.86,,-60.7035,,-0.46,-0.38,-0.43,-0.3827,-1.07,0.67,-0.03,数据不足,False,-20.15,3.1
2024Q2,通信,2.02,,100.0,0.85,,0.0025,4.15,55.5556,-0.98,0.0,-0.17,,0.0,1.0,,2.02,,100.0,10.82,2.96,2.0,0.0,2.96,45.51,45.51,,,,4.76,,23.9893,,0.63,0.54,0.6,0.539,0.76,4.98,2.02,数据不足,False,-1.94,4.15
2024Q2,煤炭,-0.42,,100.0,0.04,,0.0002,1.19,44.4444,0.2,0.0,-0.02,,0.0,1.0,,-0.42,,100.0,0.85,1.98,1.0,2.0,1.98,59.34,59.34,,,,1.18,,34.1048,,0.19,0.23,0.36,0.2304,0.81,1.56,-0.42,数据不足,True,1.35,1.19
2024Q2,石油石化,-0.84,,100.0,0.23,,0.0002,1.26,77.7778,0.32,0.0,0.69,,0.0,1.0,,-0.84,,100.0,1.21,2.08,1.0,1.0,2.08,79.87,79.87,,,,0.29,,36.1829,,0.24,0.26,0.43,0.2641,1.01,1.23,-0.84,数据不足,True,-2.43,1.26
2024Q2,环保,0.31,,100.0,0.01,,0.0,0.91,55.5556,-0.0,0.0,0.14,,0.0,1.0,,0.31,,100.0,,0.0,,,0.0,0.0,0.0,,,,-0.25,,55.947,,0.14,0.16,0.17,0.1636,0.85,0.31,0.31,数据不足,False,-9.4,0.91
2024Q2,美容护理,0.03,,100.0,0.01,,0.0,0.32,0.0,-0.05,0.0,-0.98,,0.0,1.0,,0.03,,100.0,0.05,0.25,1.0,6.0,0.25,0.0,0.0,,,,1.22,,48.1684,,0.21,0.02,0.06,0.0223,0.53,0.28,0.03,数据不足,False,-12.45,0.32
2024Q3,农林牧渔,-0.21,,0.0,-0.5,,0.0002,1.18,0.0,-0.14,0.0,-0.87,,0.0,1.0,,-0.21,,0.0,0.75,1.55,1.0,2.0,1.55,0.0,0.0,,,,0.06,,-44.9786,,-0.36,-0.55,-0.62,-0.5513,-1.13,1.34,-0.21,数据不足,False,-13.48,1.18
2024Q3,基础化工,0.23,,0.0,-0.31,,0.0007,3.97,40.0,-0.09,0.0,-0.08,,0.0,1.0,,0.23,,0.0,1.88,2.44,1.0,1.0,2.44,93.63,93.63,,,,-0.33,,-36.0529,,-0.02,-0.01,0.02,-0.0119,-0.9,2.67,0.23,数据不足,False,0.15,3.97
2024Q3,钢铁,-0.25,,0.0,-0.16,,0.0,0.55,20.0,-0.05,0.0,-0.44,,0.0,1.0,,-0.25,,0.0,0.39,0.56,1.0,1.0,0.56,0.0,0.0,,,,0.11,,-45.8092,,-0.39,-0.61,-0.66,-0.6064,-1.0,0.31,-0.25,数据不足,False,-14.74,0.55
2024Q3,有色金属,1.38,,0.0,-0.6,,0.0027,4.26,40.0,0.31,0.0,0.11,,0.0,1.0,,1.38,,0.0,5.25,3.8,1.0,1.0,3.8,92.95,92.95,,,,0.61,,-33.6618,,0.06,0.13,0.15,0.1306,-0.85,5.17,1.38,数据不足,False,3.86,4.26
2024Q3,电子,4.8,,50.0,-2.09,,0.0187,14.9,100.0,3.46,1.0,2.77,,1.0,1.0,,4.8,,50.0,24.21,8.86,2.0,1.0,8.86,88.17,88.17,,,,3.36,,27.0288,,0.29,0.67,0.72,0.6738,0.8,13.67,4.8,数据不足,False,20.86,14.9
2024Q3,汽车,2.08,,100.0,0.47,,0.0032,6.24,70.0,0.07,0.0,0.56,,0.0,1.0,,2.08,,100.0,2.63,3.62,2.0,2.0,3.62,80.45,80.45,,,,0.74,,60.7362,,0.46,0.63,0.74,0.6332,1.04,5.69,2.08,数据不足,False,15.78,6.24
2024Q3,家用电器,1.2,,50.0,-0.06,,0.0024,1.99,100.0,0.34,1.0,1.26,,1.0,1.0,,1.2,,50.0,2.51,3.7,1.0,2.0,3.7,0.0,0.0,,,,1.09,,8.8401,,-0.0,-0.12,-0.15,-0.1173,0.36,4.89,1.2,数据不足,False,-7.69,1.99
2024Q3,食品饮料,-2.11,,0.0,-1.48,,0.0067,3.23,40.0,0.23,0.0,0.07,,0.0,1.0,,-2.11,,0.0,4.71,10.32,1.0,2.0,10.32,0.0,0.0,,,,-1.38,,-49.3954,,-0.45,-0.73,-0.79,-0.7321,-0.86,8.21,-2.11,数据不足,False,-20.12,3.23
2024Q3,纺织服饰,0.49,,50.0,0.06,,0.0,0.68,10.0,-0.16,0.0,-0.69,,0.0,1.0,,0.49,,50.0,,0.05,10.0,,0.05,0.0,0.0,,,,0.37,,8.9901,,1.39,1.28,0.88,1.2804,-0.2,0.54,0.49,数据不足,False,-7.46,0.68
2024Q3,轻工制造,0.72,,50.0,0.01,,0.0001,0.95,0.0,-0.46,0.0,-1.02,,0.0,1.0,,0.72,,50.0,,0.2,5.0,,0.2,7.96,7.96,,,,0.92,,-21.4007,,0.24,0.44,0.28,0.4402,-0.3,0.92,0.72,数据不足,False,14.06,0.95
2024Q3,医药生物,4.41,,0.0,-0.73,,0.0115,7.32,50.0,0.01,0.0,0.15,,0.0,1.0,,4.41,,0.0,3.52,6.32,2.0,3.0,6.32,0.0,0.0,,,,4.47,,-42.8927,,0.15,-0.0,-0.13,-0.0029,-0.83,10.73,4.41,数据不足,True,-10.33,7.32
2024Q3,公用事业,-2.01,,0.0,-0.22,,0.0004,2.47,70.0,0.38,0.0,0.71,,0.0,1.0,,-2.01,,0.0,2.48,4.07,1.0,1.0,4.07,91.83,91.83,,,,-2.63,,-35.4604,,-0.34,-0.32,-0.25,-0.3186,-0.67,2.05,-2.01,数据不足,False,1.06,2.47
2024Q3,交通运输,-1.36,,50.0,0.07,,0.0005,2.57,90.0,0.63,1.0,1.21,,1.0,1.0,,-1.36,,50.0,2.42,3.53,1.0,1.0,3.53,0.0,0.0,,,,-1.51,,9.3277,,-0.36,-0.46,-0.45,-0.4619,0.35,2.17,-1.36,数据不足,True,-6.95,2.57
2024Q3,房地产,0.55,,100.0,0.59,,0.0003,1.89,30.0,-0.29,0.0,-0.37,,0.0,1.0,,0.55,,100.0,0.33,1.05,2.0,5.0,1.05,0.0,0.0,,,,1.04,,52.8667,,0.33,0.09,0.11,0.0918,0.77,1.59,0.55,数据不足,False,-16.73,1.89
2024Q3,商贸零售,0.62,,100.0,0.74,,0.0001,1.38,30.0,-0.08,0.0,-0.27,,0.0,1.0,,0.62,,100.0,0.28,0.49,2.0,4.0,0.49,0.0,0.0,,,,1.6,,48.3261,,0.55,0.22,0.21,0.2212,0.8,1.11,0.62,数据不足,False,-23.53,1.38
2024Q3,社会服务,1.73,,100.0,1.3,,0.0003,1.14,30.0,0.0,0.0,-0.23,,0.0,1.0,,1.73,,100.0,,0.0,,,0.0,0.0,0.0,,,,2.22,,52.8777,,0.56,0.33,0.3,0.3253,0.81,1.73,1.73,数据不足,False,-16.71,1.14
2024Q3,银行,-9.69,,100.0,0.72,,0.0007,2.99,100.0,0.96,1.0,1.56,,1.0,1.0,,-9.69,,100.0,9.36,12.36,0.0,0.0,12.36,88.61,88.61,,,,-8.21,,13.9413,,-0.83,-0.6,-0.36,-0.5956,1.33,2.68,-9.69,数据不足,True,9.31,2.99
2024Q3,非银金融,-9.08,,0.0,-0.77,,0.0004,4.17,90.0,-0.23,0.0,0.79,,0.0,1.0,,-9.08,,0.0,7.79,10.98,0.0,0.0,10.98,0.0,0.0,,,,-8.66,,-46.4208,,-1.23,-1.45,-1.44,-1.4534,-0.65,1.89,-9.08,数据不足,False,-15.66,4.17
2024Q3,综合,0.1,,50.0,0.0,,0.0,0.14,0.0,-0.01,0.0,-0.81,,0.0,1.0,,0.1,,50.0,,0.0,,,0.0,95.02,95.02,,,,-0.94,,20.0114,,0.3,0.46,0.51,0.4616,-0.23,0.1,0.1,数据不足,False,9.62,0.14
2024Q3,建筑材料,-0.3,,50.0,-0.0,,0.0,0.83,0.0,-0.15,0.0,-0.87,,0.0,1.0,,-0.3,,50.0,0.76,0.74,1.0,1.0,0.74,94.39,94.39,,,,-1.4,,21.044,,-0.1,0.09,0.21,0.0944,-0.25,0.44,-0.3,数据不足,True,11.25,0.83
2024Q3,建筑装饰,-1.58,,100.0,0.11,,0.0,2.06,10.0,-0.39,0.0,-0.8,,0.0,1.0,,-1.58,,100.0,1.14,2.06,0.0,0.0,2.06,0.0,0.0,,,,-1.59,,57.7828,,-0.18,-0.31,-0.23,-0.312,0.64,0.48,-1.58,数据不足,True,-9.3,2.06
2024Q3,电力设备,3.0,,100.0,0.04,,0.0119,7.6,30.0,0.08,0.0,-0.19,,0.0,1.0,,3.0,,100.0,8.13,7.91,1.0,1.0,7.91,0.0,0.0,,,,3.66,,51.1911,,0.56,0.29,0.3,0.2852,0.82,10.91,3.0,数据不足,False,-19.25,7.6
2024Q3,机械设备,0.69,,0.0,-0.81,,0.0009,6.15,60.0,-0.29,0.0,0.2,,0.0,1.0,,0.69,,0.0,2.84,2.35,1.0,1.0,2.35,0.0,0.0,,,,0.14,,-36.2717,,-0.4,-0.4,-0.49,-0.4013,-0.82,3.04,0.69,数据不足,False,-0.19,6.15
2024Q3,国防军工,1.09,,50.0,-0.03,,0.001,3.13,60.0,0.06,0.0,0.36,,0.0,1.0,,1.09,,50.0,1.84,2.02,2.0,2.0,2.02,0.0,0.0,,,,0.98,,8.8645,,0.02,-0.09,-0.13,-0.0898,0.11,3.11,1.09,数据不足,False,-7.65,3.13
2024Q3,计算机,-1.37,,0.0,-0.17,,0.0005,8.02,50.0,-1.34,0.0,-0.5,,0.0,1.0,,-1.37,,0.0,3.04,3.71,1.0,1.0,3.71,34.14,34.14,,,,-2.49,,-59.2987,,-0.8,-0.53,-0.53,-0.5259,-1.02,2.34,-1.37,数据不足,False,25.17,8.02
2024Q3,传媒,2.93,,100.0,2.96,,0.0013,2.91,30.0,-1.96,0.0,-1.18,,0.0,1.0,,2.93,,100.0,0.82,0.74,5.0,4.0,0.74,30.17,30.17,,,,3.49,,9.2419,,0.71,1.03,0.93,1.0309,0.53,3.66,2.93,数据不足,False,23.06,2.91
2024Q3,通信,2.49,,100.0,0.47,,0.0028,4.06,50.0,-0.67,0.0,-0.18,,0.0,1.0,,2.49,,100.0,10.82,2.82,2.0,0.0,2.82,75.96,75.96,,,,3.19,,19.8977,,0.46,0.7,0.78,0.6986,0.82,5.31,2.49,数据不足,False,14.22,4.06
2024Q3,煤炭,-0.57,,0.0,-0.15,,0.0001,0.93,20.0,-0.15,0.0,-0.5,,0.0,1.0,,-0.57,,0.0,0.85,1.73,1.0,1.0,1.73,64.03,64.03,,,,0.41,,-64.8385,,-0.42,-0.3,-0.28,-0.3006,-1.02,1.16,-0.57,数据不足,False,1.24,0.93
2024Q3,石油石化,-0.31,,100.0,0.53,,0.0002,1.04,30.0,0.03,0.0,-0.22,,0.0,1.0,,-0.31,,100.0,1.21,1.77,1.0,1.0,1.77,84.02,84.02,,,,1.9,,6.349,,0.15,0.31,0.47,0.3137,0.81,1.46,-0.31,数据不足,False,2.0,1.04
2024Q3,环保,0.31,,50.0,-0.01,,0.0,0.95,60.0,-0.02,0.0,0.33,,0.0,1.0,,0.31,,50.0,,0.0,,,0.0,19.52,19.52,,,,-0.86,,4.8797,,-0.23,-0.07,-0.09,-0.0693,0.09,0.31,0.31,数据不足,False,15.51,0.95
2024Q3,美容护理,0.04,,100.0,0.01,,0.0,0.3,0.0,-0.06,0.0,-0.83,,0.0,1.0,,0.04,,100.0,0.05,0.29,1.0,7.0,0.29,25.32,25.32,,,,-0.34,,34.2845,,-0.11,0.11,0.18,0.1086,0.64,0.33,0.04,数据不足,False,18.21,0.3
2024Q4,农林牧渔,-0.19,,33.3333,0.01,,0.0001,1.05,0.0,-0.2,0.0,-0.75,,0.0,0.0,,-0.19,,33.3333,0.75,1.33,1.0,2.0,1.33,0.0,0.0,,,,0.31,,-14.0304,,-0.19,-0.45,-0.49,-0.4531,-0.7,1.14,-0.19,数据不足,False,-13.48,1.05
2024Q4,基础化工,0.42,,33.3333,0.19,,0.0006,3.76,27.2727,-0.4,0.0,-0.36,,0.0,0.0,,0.42,,33.3333,1.88,2.11,1.0,1.0,2.11,86.54,86.54,,,,0.25,,-12.7906,,0.1,0.11,0.17,0.1076,-0.59,2.54,0.42,数据不足,False,0.15,3.76
2024Q4,钢铁,-0.15,,66.6667,0.09,,0.0,0.59,27.2727,0.02,0.0,-0.2,,0.0,0.0,,-0.15,,66.6667,0.39,0.56,1.0,1.0,0.56,0.0,0.0,,,,0.39,,18.8738,,-0.02,-0.3,-0.29,-0.2968,0.09,0.41,-0.15,数据不足,True,-14.74,0.59
2024Q4,有色金属,-0.36,,0.0,-1.73,,0.001,3.23,9.0909,-0.88,0.0,-0.87,,0.0,0.0,,-0.36,,0.0,5.25,3.52,1.0,1.0,3.52,87.87,87.87,,,,-0.8,,-47.0275,,-0.24,-0.16,-0.13,-0.1615,-1.37,3.16,-0.36,数据不足,False,3.86,3.23
2024Q4,电子,6.83,,66.6667,2.03,,0.0291,14.98,100.0,2.04,1.0,1.86,,1.0,0.0,,6.83,,66.6667,24.21,10.21,2.0,1.0,10.21,76.54,76.54,,,,4.68,,6.9979,,0.33,0.83,0.87,0.8303,0.65,17.05,6.83,数据不足,False,20.86,14.98
2024Q4,汽车,2.22,,100.0,0.14,,0.0041,4.85,36.3636,-1.31,0.0,-0.57,,0.0,0.0,,2.22,,100.0,2.63,4.22,2.0,2.0,4.22,75.71,75.71,,,,1.9,,25.4362,,0.31,0.59,0.7,0.5851,0.63,6.44,2.22,数据不足,False,3.89,4.85
2024Q4,家用电器,1.06,,33.3333,-0.14,,0.0023,2.07,100.0,0.26,1.0,1.16,,1.0,0.0,,1.06,,33.3333,2.51,3.7,1.0,2.0,3.7,0.0,0.0,,,,1.32,,-12.6965,,-0.14,-0.29,-0.35,-0.2904,-0.18,4.76,1.06,数据不足,False,-7.69,2.07
2024Q4,食品饮料,-1.71,,33.3333,0.41,,0.0056,2.41,0.0,-0.55,0.0,-0.89,,0.0,0.0,,-1.71,,33.3333,4.71,9.21,1.0,2.0,9.21,0.0,0.0,,,,-1.01,,-16.8209,,-0.21,-0.59,-0.62,-0.5872,-0.74,7.51,-1.71,数据不足,False,-20.12,2.41
2024Q4,纺织服饰,0.6,,66.6667,0.11,,0.0,0.73,27.2727,-0.1,0.0,-0.24,,0.0,0.0,,0.6,,66.6667,,0.06,11.0,,0.06,0.0,0.0,,,,0.85,,20.6663,,1.31,1.16,0.81,1.1614,0.08,0.66,0.6,数据不足,False,-7.46,0.73
2024Q4,轻工制造,1.0,,100.0,0.28,,0.0001,1.17,27.2727,-0.07,0.0,-0.23,,0.0,0.0,,1.0,,100.0,,0.13,9.0,,0.13,11.48,11.48,,,,1.16,,21.0587,,0.8,1.09,0.89,1.0946,0.72,1.12,1.0,数据不足,False,2.75,1.17
2024Q4,医药生物,3.66,,0.0,-0.76,,0.0089,5.34,0.0,-2.14,0.0,-1.52,,0.0,0.0,,3.66,,0.0,3.52,5.77,2.0,3.0,5.77,0.0,0.0,,,,4.04,,-46.4998,,0.01,-0.19,-0.32,-0.1941,-1.55,9.43,3.66,数据不足,True,-10.33,5.34
2024Q4,公用事业,-2.26,,0.0,-0.25,,0.0002,1.68,9.0909,-0.55,0.0,-0.73,,0.0,0.0,,-2.26,,0.0,2.48,3.83,0.0,1.0,3.83,87.5,87.5,,,,-2.5,,-46.2927,,-0.41,-0.39,-0.33,-0.3891,-1.33,1.58,-2.26,数据不足,False,1.06,1.68
2024Q4,交通运输,-1.47,,0.0,-0.11,,0.0004,1.84,27.2727,-0.32,0.0,-0.33,,0.0,0.0,,-1.47,,0.0,2.42,3.51,1.0,1.0,3.51,0.0,0.0,,,,-1.24,,-45.9406,,-0.63,-0.77,-0.84,-0.7676,-1.22,2.04,-1.47,数据不足,False,-6.95,1.84
2024Q4,房地产,0.24,,66.6667,-0.3,,0.0001,1.8,18.1818,-0.1,0.0,-0.4,,0.0,0.0,,0.24,,66.6667,0.33,0.86,1.0,3.0,0.86,0.0,0.0,,,,0.85,,18.0952,,0.13,-0.19,-0.2,-0.1903,0.04,1.1,0.24,数据不足,False,-16.73,1.8
2024Q4,商贸零售,0.85,,100.0,0.22,,0.0002,1.97,100.0,0.59,1.0,1.29,,1.0,0.0,,0.85,,100.0,0.28,0.5,3.0,5.0,0.5,0.0,0.0,,,,1.62,,47.955,,0.65,0.22,0.2,0.2178,1.13,1.34,0.85,数据不足,False,-23.53,1.97
2024Q4,社会服务,1.61,,66.6667,-0.12,,0.0003,1.11,18.1818,-0.02,0.0,-0.37,,0.0,0.0,,1.61,,66.6667,,0.0,,,0.0,0.0,0.0,,,,2.22,,18.1021,,0.32,0.01,-0.05,0.0075,0.04,1.61,1.61,数据不足,False,-16.71,1.11
2024Q4,银行,-9.29,,100.0,0.4,,0.0014,1.65,18.1818,-0.65,0.0,-0.62,,0.0,0.0,,-9.29,,100.0,9.36,13.04,0.0,0.0,13.04,86.02,86.02,,,,-9.77,,27.0572,,-0.79,-0.5,-0.27,-0.5002,0.61,3.74,-9.29,数据不足,True,5.07,1.65
2024Q4,非银金融,-9.91,,0.0,-0.83,,0.0002,6.31,90.9091,2.56,1.0,1.92,,1.0,0.0,,-9.91,,0.0,7.79,11.25,0.0,0.0,11.25,0.0,0.0,,,,-9.34,,-48.1384,,-1.25,-1.55,-1.55,-1.5463,-0.61,1.34,-9.91,数据不足,False,-15.66,6.31
2024Q4,综合,0.12,,100.0,0.02,,0.0,0.22,63.6364,0.06,0.0,0.45,,0.0,0.0,,0.12,,100.0,,0.0,,,0.0,83.97,83.97,,,,-0.8,,50.3447,,0.53,0.75,0.83,0.7466,0.9,0.12,0.12,数据不足,False,9.62,0.22
2024Q4,建筑材料,-0.19,,100.0,0.1,,0.0,0.75,0.0,-0.19,0.0,-0.75,,0.0,0.0,,-0.19,,100.0,0.76,0.68,1.0,1.0,0.68,88.52,88.52,,,,-1.27,,49.3087,,0.09,0.34,0.51,0.3423,0.58,0.49,-0.19,数据不足,True,11.25,0.75
2024Q4,建筑装饰,-1.39,,100.0,0.19,,0.0,2.14,18.1818,-0.19,0.0,-0.44,,0.0,0.0,,-1.39,,100.0,1.14,2.03,0.0,1.0,2.03,0.0,0.0,,,,-1.05,,53.7112,,-0.1,-0.28,-0.22,-0.2849,0.66,0.65,-1.39,数据不足,True,-9.3,2.14
2024Q4,电力设备,3.45,,100.0,0.45,,0.0128,7.19,18.1818,-0.45,0.0,-0.54,,0.0,0.0,,3.45,,100.0,8.13,7.87,1.0,1.0,7.87,0.0,0.0,,,,4.13,,50.2854,,0.63,0.27,0.28,0.2731,0.64,11.32,3.45,数据不足,False,-19.25,7.19
2024Q4,机械设备,0.96,,33.3333,0.27,,0.0011,6.8,90.9091,0.33,1.0,1.03,,1.0,0.0,,0.96,,33.3333,2.84,2.35,1.0,1.0,2.35,0.0,0.0,,,,0.8,,-12.737,,-0.28,-0.28,-0.35,-0.2829,-0.21,3.31,0.96,数据不足,False,-0.19,6.8
2024Q4,国防军工,1.09,,33.3333,-0.0,,0.0009,3.31,81.8182,0.15,0.0,0.8,,0.0,0.0,,1.09,,33.3333,1.84,1.84,2.0,2.0,1.84,0.0,0.0,,,,1.35,,-12.6916,,-0.1,-0.25,-0.32,-0.2475,-0.28,2.93,1.09,数据不足,True,-7.65,3.31
2024Q4,计算机,-1.12,,66.6667,0.26,,0.0008,11.92,81.8182,3.18,0.0,2.0,,0.0,0.0,,-1.12,,66.6667,3.04,3.86,1.0,1.0,3.86,56.25,56.25,,,,-0.88,,-24.3501,,-0.63,-0.08,0.01,-0.0794,0.69,2.75,-1.12,数据不足,True,11.05,11.92
2024Q4,传媒,3.07,,100.0,0.15,,0.0014,4.11,54.5455,-0.21,0.0,0.19,,0.0,0.0,,3.07,,100.0,0.82,0.72,5.0,5.0,0.72,49.52,49.52,,,,3.15,,3.2056,,0.53,1.01,0.96,1.0062,0.83,3.8,3.07,数据不足,False,5.6,4.11
2024Q4,通信,1.31,,33.3333,-1.18,,0.0023,4.36,63.6364,-0.11,0.0,0.38,,0.0,0.0,,1.31,,33.3333,10.82,3.45,1.0,0.0,3.45,80.67,80.67,,,,1.09,,-36.23,,-0.17,0.17,0.22,0.1745,-0.39,4.76,1.31,数据不足,False,8.83,4.36
2024Q4,煤炭,-0.75,,0.0,-0.18,,0.0001,0.69,0.0,-0.39,0.0,-0.83,,0.0,0.0,,-0.75,,0.0,0.85,1.56,1.0,1.0,1.56,30.75,30.75,,,,-1.44,,-76.3164,,-0.6,-0.55,-0.58,-0.5507,-1.36,0.81,-0.75,数据不足,False,-7.89,0.69
2024Q4,石油石化,-0.26,,100.0,0.06,,0.0002,0.64,0.0,-0.42,0.0,-0.84,,0.0,0.0,,-0.26,,100.0,1.21,1.7,1.0,1.0,1.7,49.86,49.86,,,,-0.54,,23.8669,,0.01,0.15,0.26,0.148,0.55,1.45,-0.26,数据不足,False,-3.53,0.64
2024Q4,环保,0.37,,100.0,0.06,,0.0,0.98,63.6364,0.06,0.0,0.45,,0.0,0.0,,0.37,,100.0,,0.0,,,0.0,29.03,29.03,,,,0.43,,23.215,,0.03,0.34,0.36,0.3372,0.91,0.37,0.37,数据不足,False,4.18,0.98
2024Q4,美容护理,0.18,,100.0,0.14,,0.0,0.33,36.3636,-0.0,0.0,-0.05,,0.0,0.0,,0.18,,100.0,0.05,0.13,2.0,7.0,0.13,6.5,6.5,,,,0.1,,-5.6176,,-0.03,0.15,0.15,0.1534,0.77,0.32,0.18,数据不足,False,-11.52,0.33
2025Q1,农林牧渔,-0.36,,0.0,-0.17,,0.0001,0.89,0.0,-0.33,0.0,-0.66,,0.0,0.0,,-0.36,,0.0,0.75,1.35,1.0,1.0,1.35,0.0,0.0,,,,0.41,,-31.5452,,-0.29,-0.56,-0.61,-0.5593,-1.01,1.0,-0.36,数据不足,False,-13.48,0.89
2025Q1,基础化工,0.19,,0.0,-0.23,,0.0005,3.9,41.6667,-0.36,0.0,0.01,,0.0,0.0,,0.19,,0.0,1.88,2.15,1.0,1.0,2.15,89.19,90.32,,,,0.51,,-32.769,,0.05,-0.01,0.03,-0.0144,-0.83,2.34,0.19,数据不足,False,0.15,3.9
2025Q1,钢铁,-0.12,,75.0,0.04,,0.0,0.67,58.3333,0.07,0.0,0.43,,0.0,0.0,,-0.12,,75.0,0.39,0.57,1.0,1.0,0.57,0.0,0.0,,,,0.65,,43.1953,,0.14,-0.15,-0.11,-0.1518,0.71,0.45,-0.12,数据不足,True,-14.74,0.67
2025Q1,有色金属,0.15,,25.0,0.51,,0.0017,3.47,25.0,-0.68,0.0,-0.37,,0.0,0.0,,0.15,,25.0,5.25,4.01,1.0,1.0,4.01,89.87,90.9,,,,0.23,,-9.5678,,0.1,0.11,0.19,0.1074,-0.45,4.17,0.15,数据不足,False,3.86,3.47
2025Q1,电子,8.14,,100.0,1.3,,0.0338,15.3,100.0,1.86,1.0,1.73,,1.0,0.0,,8.14,,100.0,24.21,10.24,2.0,1.0,10.24,83.77,84.47,,,,6.27,,47.1521,,0.72,1.18,1.29,1.179,1.54,18.37,8.14,数据不足,False,20.86,15.3
2025Q1,汽车,3.0,,100.0,0.79,,0.0061,5.86,66.6667,0.34,0.0,0.66,,0.0,0.0,,3.0,,100.0,2.63,4.78,2.0,3.0,4.78,0.0,0.0,,,,0.43,,12.1368,,0.05,0.32,0.35,0.3209,1.25,7.78,3.0,数据不足,False,-23.92,5.86
2025Q1,家用电器,0.48,,0.0,-0.58,,0.0019,2.29,100.0,0.37,1.0,1.22,,1.0,0.0,,0.48,,0.0,2.51,3.87,1.0,2.0,3.87,0.0,0.0,,,,1.13,,-31.1125,,-0.25,-0.45,-0.52,-0.4477,-0.51,4.35,0.48,数据不足,False,-7.69,2.29
2025Q1,食品饮料,-1.92,,25.0,-0.21,,0.0055,2.15,0.0,-0.7,0.0,-0.79,,0.0,0.0,,-1.92,,25.0,4.71,9.32,1.0,2.0,9.32,0.0,0.0,,,,-1.15,,-8.5308,,-0.2,-0.55,-0.56,-0.5488,-0.56,7.4,-1.92,数据不足,False,-20.12,2.15
2025Q1,纺织服饰,0.47,,25.0,-0.13,,0.0,0.74,33.3333,-0.07,0.0,-0.03,,0.0,0.0,,0.47,,25.0,,0.05,11.0,,0.05,0.0,0.0,,,,1.12,,-6.1227,,1.04,0.84,0.52,0.8442,-0.36,0.52,0.47,数据不足,True,-7.46,0.74
2025Q1,轻工制造,1.02,,100.0,0.03,,0.0001,1.1,8.3333,-0.09,0.0,-0.45,,0.0,0.0,,1.02,,100.0,,0.12,9.0,,0.12,6.68,6.11,,,,0.14,,31.4812,,0.78,1.09,0.92,1.09,0.96,1.15,1.02,数据不足,False,-8.36,1.1
2025Q1,医药生物,4.15,,25.0,0.49,,0.01,4.74,0.0,-1.91,0.0,-1.2,,0.0,0.0,,4.15,,25.0,3.52,5.87,2.0,3.0,5.87,0.0,0.0,,,,4.87,,-6.1477,,0.27,0.04,-0.03,0.0386,-0.67,10.02,4.15,数据不足,True,-10.33,4.74
2025Q1,公用事业,-2.51,,0.0,-0.25,,0.0001,1.39,0.0,-0.86,0.0,-0.85,,0.0,0.0,,-2.51,,0.0,2.48,3.53,0.0,0.0,3.53,91.93,92.63,,,,-2.25,,-33.1492,,-0.26,-0.31,-0.22,-0.3077,-1.06,1.02,-2.51,数据不足,False,1.06,1.39
2025Q1,交通运输,-1.85,,0.0,-0.38,,0.0002,1.35,0.0,-0.87,0.0,-0.85,,0.0,0.0,,-1.85,,0.0,2.42,3.38,0.0,1.0,3.38,0.0,0.0,,,,-1.22,,-31.1538,,-0.53,-0.71,-0.75,-0.7102,-1.06,1.54,-1.85,数据不足,False,-6.95,1.35
2025Q1,房地产,0.17,,50.0,-0.07,,0.0001,1.09,0.0,-0.79,0.0,-0.82,,0.0,0.0,,0.17,,50.0,0.33,0.81,1.0,3.0,0.81,0.0,0.0,,,,0.95,,17.669,,0.1,-0.21,-0.21,-0.2068,-0.09,0.98,0.17,数据不足,False,-16.73,1.09
2025Q1,商贸零售,2.27,,100.0,1.43,,0.0008,1.82,75.0,0.34,0.0,0.8,,0.0,0.0,,2.27,,100.0,0.28,0.49,6.0,10.0,0.49,0.0,0.0,,,,3.0,,64.9078,,1.11,0.73,0.65,0.7286,1.29,2.77,2.27,数据不足,False,-23.53,1.82
2025Q1,社会服务,1.27,,50.0,-0.34,,0.0002,0.94,8.3333,-0.22,0.0,-0.49,,0.0,0.0,,1.27,,50.0,,0.0,,,0.0,0.0,0.0,,,,2.05,,17.6739,,0.28,-0.03,-0.07,-0.0285,-0.01,1.27,1.27,数据不足,False,-16.71,0.94
2025Q1,银行,-10.01,,50.0,-0.72,,0.0012,1.58,16.6667,-0.75,0.0,-0.53,,0.0,0.0,,-10.01,,50.0,9.36,13.48,0.0,0.0,13.48,89.87,90.7,,,,-10.55,,4.5375,,-0.84,-0.66,-0.47,-0.6616,-0.02,3.47,-10.01,数据不足,True,5.87,1.58
2025Q1,非银金融,-9.58,,25.0,0.34,,0.0001,3.55,25.0,-0.87,0.0,-0.44,,0.0,0.0,,-9.58,,25.0,7.79,10.72,0.0,0.0,10.72,0.0,0.0,,,,-8.8,,-7.031,,-0.94,-1.24,-1.19,-1.2359,-0.47,1.14,-9.58,数据不足,False,-15.66,3.55
2025Q1,综合,0.09,,0.0,-0.03,,0.0,0.2,58.3333,0.03,0.0,0.42,,0.0,0.0,,0.09,,0.0,,0.0,,,0.0,88.13,89.73,,,,-0.33,,-38.8066,,-0.01,0.13,0.14,0.1311,-0.72,0.09,0.09,数据不足,False,9.62,0.2
2025Q1,建筑材料,-0.19,,100.0,0.0,,0.0,0.53,0.0,-0.37,0.0,-0.68,,0.0,0.0,,-0.19,,100.0,0.76,0.71,1.0,1.0,0.71,93.47,94.17,,,,-0.78,,59.648,,0.27,0.45,0.64,0.4454,0.9,0.52,-0.19,数据不足,True,11.25,0.53
2025Q1,建筑装饰,-1.35,,100.0,0.04,,0.0,1.5,0.0,-0.85,0.0,-0.84,,0.0,0.0,,-1.35,,100.0,1.14,1.84,0.0,0.0,1.84,0.0,0.0,,,,-0.65,,68.8991,,0.04,-0.18,-0.09,-0.183,0.86,0.49,-1.35,数据不足,True,-9.3,1.5
2025Q1,电力设备,1.46,,0.0,-1.99,,0.0081,7.7,41.6667,-0.06,0.0,0.11,,0.0,0.0,,1.46,,0.0,8.13,7.55,1.0,1.0,7.55,0.0,0.0,,,,2.23,,-33.1849,,-0.02,-0.36,-0.44,-0.3618,-0.8,9.02,1.46,数据不足,False,-19.25,7.7
2025Q1,机械设备,1.16,,50.0,0.2,,0.0014,9.4,100.0,2.82,1.0,2.05,,1.0,0.0,,1.16,,50.0,2.84,2.57,1.0,1.0,2.57,0.0,0.0,,,,1.49,,17.3608,,-0.03,-0.1,-0.12,-0.1012,0.67,3.72,1.16,数据不足,False,-0.19,9.4
2025Q1,国防军工,0.77,,25.0,-0.32,,0.0006,2.6,16.6667,-0.63,0.0,-0.49,,0.0,0.0,,0.77,,25.0,1.84,1.64,1.0,1.0,1.64,0.0,0.0,,,,1.42,,-6.114,,-0.06,-0.26,-0.3,-0.257,-0.48,2.41,0.77,数据不足,False,-7.65,2.6
2025Q1,计算机,-1.16,,50.0,-0.05,,0.0008,13.26,91.6667,4.17,1.0,2.38,,1.0,0.0,,-1.16,,50.0,3.04,3.91,1.0,1.0,3.91,63.74,65.88,,,,-1.59,,-18.6257,,-0.64,-0.04,0.05,-0.0433,0.75,2.74,-1.16,数据不足,True,7.62,13.26
2025Q1,传媒,4.99,,100.0,1.91,,0.0032,3.89,50.0,0.03,0.0,0.28,,0.0,0.0,,4.99,,100.0,0.82,0.71,8.0,7.0,0.71,64.02,66.32,,,,4.44,,30.8203,,1.02,1.56,1.48,1.5579,1.15,5.69,4.99,数据不足,False,4.1,3.89
2025Q1,通信,0.2,,0.0,-1.11,,0.0012,5.84,100.0,1.48,1.0,1.6,,1.0,0.0,,0.2,,0.0,10.82,3.25,1.0,0.0,3.25,65.9,67.3,,,,-0.95,,-61.1302,,-0.42,-0.14,-0.12,-0.1372,-0.41,3.45,0.2,数据不足,False,-1.17,5.84
2025Q1,煤炭,-0.94,,0.0,-0.19,,0.0,0.56,0.0,-0.46,0.0,-0.71,,0.0,0.0,,-0.94,,0.0,0.85,1.37,0.0,1.0,1.37,5.82,5.17,,,,-2.04,,-64.5491,,-0.82,-0.63,-0.66,-0.6252,-1.02,0.43,-0.94,数据不足,False,-10.59,0.56
2025Q1,石油石化,-0.64,,50.0,-0.39,,0.0001,0.61,0.0,-0.39,0.0,-0.69,,0.0,0.0,,-0.64,,50.0,1.21,1.57,1.0,1.0,1.57,7.76,6.98,,,,-1.37,,-7.0356,,-0.47,-0.3,-0.28,-0.3039,-0.06,0.93,-0.64,数据不足,True,-5.9,0.61
2025Q1,环保,0.31,,25.0,-0.06,,0.0,0.82,25.0,-0.15,0.0,-0.19,,0.0,0.0,,0.31,,25.0,,0.0,,,0.0,54.58,50.18,,,,0.1,,-30.3567,,-0.23,0.09,0.09,0.0882,-0.41,0.31,0.31,数据不足,False,3.15,0.82
2025Q1,美容护理,0.31,,100.0,0.13,,0.0,0.26,0.0,-0.07,0.0,-0.58,,0.0,0.0,,0.31,,100.0,0.05,0.13,3.0,9.0,0.13,21.28,19.81,,,,0.24,,41.4508,,0.06,0.42,0.44,0.4175,0.93,0.44,0.31,数据不足,False,1.89,0.26
2025Q2,农林牧渔,0.04,,60.0,0.4,,0.0002,1.71,61.5385,0.58,0.0,0.45,,0.0,0.0,,0.04,,60.0,0.75,1.41,1.0,2.0,1.41,0.0,0.0,,,,0.86,,22.497,,0.09,-0.22,-0.22,-0.22,0.34,1.45,0.04,数据不足,False,-13.48,1.71
2025Q2,基础化工,0.67,,100.0,0.47,,0.0007,5.88,76.9231,1.61,0.0,1.28,,0.0,0.0,,0.67,,100.0,1.88,1.97,1.0,1.0,1.97,86.14,88.77,,,,0.79,,48.261,,0.45,0.47,0.62,0.473,1.33,2.64,0.67,数据不足,False,0.15,5.88
2025Q2,钢铁,-0.27,,0.0,-0.15,,0.0,0.58,23.0769,-0.04,0.0,-0.57,,0.0,0.0,,-0.27,,0.0,0.39,0.53,0.0,1.0,0.53,0.0,0.0,,,,0.58,,-36.3333,,-0.25,-0.59,-0.65,-0.5885,-1.09,0.26,-0.27,数据不足,False,-14.74,0.58
2025Q2,有色金属,0.1,,20.0,-0.05,,0.0018,4.14,46.1538,-0.01,0.0,-0.14,,0.0,0.0,,0.1,,20.0,5.25,4.14,1.0,1.0,4.14,89.51,91.41,,,,-0.07,,-36.1628,,-0.1,0.02,0.08,0.0206,-0.59,4.24,0.1,数据不足,False,3.86,4.14
2025Q2,电子,8.14,,100.0,0.01,,0.0327,11.64,61.5385,-2.8,0.0,-1.35,,0.0,0.0,,8.14,,100.0,24.21,9.94,2.0,1.0,9.94,89.94,90.71,,,,5.91,,19.8105,,0.42,1.09,1.2,1.0944,0.56,18.09,8.14,数据不足,False,20.86,11.64
2025Q2,汽车,1.73,,40.0,-1.27,,0.0038,6.06,69.2308,0.43,0.0,0.51,,0.0,0.0,,1.73,,40.0,2.63,4.45,1.0,2.0,4.45,0.0,0.0,,,,0.03,,-3.9921,,-0.24,-0.16,-0.2,-0.1636,-0.02,6.18,1.73,数据不足,False,-23.92,6.06
2025Q2,家用电器,0.28,,0.0,-0.2,,0.0015,1.73,61.5385,-0.33,0.0,-0.03,,0.0,0.0,,0.28,,0.0,2.51,3.56,1.0,2.0,3.56,0.0,0.0,,,,0.86,,-43.1969,,-0.33,-0.5,-0.57,-0.4989,-0.93,3.83,0.28,数据不足,False,-7.69,1.73
2025Q2,食品饮料,-3.39,,0.0,-1.48,,0.0024,2.72,15.3846,0.05,0.0,-0.67,,0.0,0.0,,-3.39,,0.0,4.71,8.31,1.0,1.0,8.31,0.0,0.0,,,,-2.43,,-31.5337,,-0.37,-0.82,-0.86,-0.8154,-1.12,4.92,-3.39,数据不足,False,-20.12,2.72
2025Q2,纺织服饰,0.56,,60.0,0.09,,0.0,1.14,100.0,0.41,1.0,1.06,,1.0,0.0,,0.56,,60.0,,0.04,16.0,,0.04,0.0,0.0,,,,1.14,,16.5682,,1.2,1.03,0.73,1.0289,0.52,0.6,0.56,数据不足,False,-7.46,1.14
2025Q2,轻工制造,1.57,,100.0,0.54,,0.0003,1.64,92.3077,0.54,1.0,0.99,,1.0,0.0,,1.57,,100.0,,0.11,15.0,,0.11,0.0,0.0,,,,0.71,,48.6779,,1.03,1.23,0.99,1.2288,1.25,1.68,1.57,数据不足,False,-8.36,1.64
2025Q2,医药生物,6.29,,100.0,2.14,,0.0144,7.15,53.8462,1.1,0.0,0.59,,0.0,0.0,,6.29,,100.0,3.52,5.73,2.0,3.0,5.73,0.0,0.0,,,,6.99,,59.4537,,0.77,0.54,0.54,0.5382,1.13,12.02,6.29,数据不足,False,-10.33,7.15
2025Q2,公用事业,-2.7,,0.0,-0.2,,0.0001,2.25,53.8462,0.14,0.0,0.08,,0.0,0.0,,-2.7,,0.0,2.48,3.62,0.0,0.0,3.62,88.97,90.64,,,,-2.65,,-52.808,,-0.41,-0.36,-0.29,-0.3568,-0.9,0.92,-2.7,数据不足,False,1.06,2.25
2025Q2,交通运输,-1.86,,0.0,-0.01,,0.0003,2.24,69.2308,0.18,0.0,0.38,,0.0,0.0,,-1.86,,0.0,2.42,3.53,0.0,1.0,3.53,0.0,0.0,,,,-1.31,,-43.9639,,-0.55,-0.71,-0.76,-0.7096,-0.81,1.67,-1.86,数据不足,False,-6.95,2.24
2025Q2,房地产,0.11,,40.0,-0.06,,0.0001,1.09,7.6923,-0.65,0.0,-1.18,,0.0,0.0,,0.11,,40.0,0.33,0.74,1.0,3.0,0.74,0.0,0.0,,,,1.01,,5.4849,,0.07,-0.31,-0.33,-0.3058,-0.52,0.85,0.11,数据不足,False,-16.73,1.09
2025Q2,商贸零售,1.39,,80.0,-0.88,,0.0004,2.01,100.0,0.42,1.0,1.07,,1.0,0.0,,1.39,,80.0,0.28,0.56,3.0,7.0,0.56,0.0,0.0,,,,2.4,,51.323,,0.7,0.18,0.16,0.1841,0.9,1.95,1.39,数据不足,False,-23.53,2.01
2025Q2,社会服务,0.92,,40.0,-0.35,,0.0001,1.03,23.0769,-0.05,0.0,-0.58,,0.0,0.0,,0.92,,40.0,,0.0,,,0.0,0.0,0.0,,,,1.82,,5.4701,,0.17,-0.2,-0.25,-0.2026,-0.34,0.92,0.92,数据不足,False,-16.71,1.03
2025Q2,银行,-10.83,,0.0,-0.82,,0.0021,2.29,84.6154,0.14,0.0,0.64,,0.0,0.0,,-10.83,,0.0,9.36,15.44,0.0,0.0,15.44,87.74,89.52,,,,-11.4,,-59.9701,,-1.21,-0.97,-0.87,-0.9714,-0.73,4.61,-10.83,数据不足,False,5.87,2.29
2025Q2,非银金融,-9.09,,40.0,0.49,,0.0004,3.82,46.1538,-0.5,0.0,-0.4,,0.0,0.0,,-9.09,,40.0,7.79,11.18,0.0,0.0,11.18,0.0,0.0,,,,-8.21,,4.5136,,-0.72,-1.08,-1.04,-1.0772,-0.29,2.09,-9.09,数据不足,False,-15.66,3.82
2025Q2,综合,0.15,,100.0,0.06,,0.0,0.21,61.5385,0.04,0.0,0.16,,0.0,0.0,,0.15,,100.0,,0.0,,,0.0,88.66,91.34,,,,-0.58,,36.429,,0.52,0.81,0.9,0.8098,1.01,0.15,0.15,数据不足,False,9.62,0.21
2025Q2,建筑材料,0.0,,100.0,0.19,,0.0,0.64,7.6923,-0.12,0.0,-0.9,,0.0,0.0,,0.0,,100.0,0.76,0.51,1.0,1.0,0.51,92.65,94.17,,,,-0.91,,34.1996,,0.08,0.43,0.59,0.4276,0.69,0.51,0.0,数据不足,False,11.25,0.64
2025Q2,建筑装饰,-1.43,,60.0,-0.08,,0.0,1.53,7.6923,-0.54,0.0,-1.12,,0.0,0.0,,-1.43,,60.0,1.14,1.88,0.0,0.0,1.88,0.0,0.0,,,,-0.77,,18.4341,,-0.18,-0.4,-0.37,-0.3958,-0.12,0.45,-1.43,数据不足,True,-9.3,1.53
2025Q2,电力设备,1.25,,0.0,-0.21,,0.0068,7.03,7.6923,-0.61,0.0,-1.16,,0.0,0.0,,1.25,,0.0,8.13,6.99,1.0,1.0,6.99,0.0,0.0,,,,2.2,,-32.2922,,0.01,-0.42,-0.5,-0.4174,-1.26,8.24,1.25,数据不足,False,-19.25,7.03
2025Q2,机械设备,0.93,,20.0,-0.22,,0.001,7.81,92.3077,0.62,1.0,1.03,,1.0,0.0,,0.93,,20.0,2.84,2.29,1.0,1.0,2.29,0.0,0.0,,,,1.08,,-31.3485,,-0.34,-0.32,-0.38,-0.3223,-0.24,3.22,0.93,数据不足,False,-0.19,7.81
2025Q2,国防军工,1.29,,100.0,0.52,,0.001,4.11,100.0,0.95,1.0,1.35,,1.0,0.0,,1.29,,100.0,1.84,1.93,2.0,2.0,1.93,0.0,0.0,,,,1.87,,56.765,,0.3,0.13,0.16,0.126,1.35,3.22,1.29,数据不足,False,-7.65,4.11
2025Q2,计算机,-1.63,,0.0,-0.47,,0.0005,9.19,46.1538,-0.82,0.0,-0.57,,0.0,0.0,,-1.63,,0.0,3.04,3.91,1.0,1.0,3.91,72.31,74.6,,,,-3.35,,-63.6741,,-0.89,-0.33,-0.3,-0.3303,-1.09,2.28,-1.63,数据不足,False,1.17,9.19
2025Q2,传媒,4.92,,80.0,-0.07,,0.003,2.86,23.0769,-0.64,0.0,-0.9,,0.0,0.0,,4.92,,80.0,0.82,0.57,10.0,7.0,0.57,76.33,78.72,,,,3.97,,14.7527,,0.71,1.32,1.24,1.3209,0.32,5.49,4.92,数据不足,False,8.32,2.86
2025Q2,通信,1.93,,60.0,1.73,,0.0031,4.44,61.5385,-0.17,0.0,0.06,,0.0,0.0,,1.93,,60.0,10.82,3.62,2.0,1.0,3.62,89.54,90.16,,,,1.4,,-4.0397,,-0.03,0.4,0.49,0.4005,0.22,5.55,1.93,数据不足,False,10.69,4.44
2025Q2,煤炭,-0.99,,0.0,-0.05,,0.0,0.54,0.0,-0.3,0.0,-1.13,,0.0,0.0,,-0.99,,0.0,0.85,1.35,0.0,0.0,1.35,6.49,4.94,,,,-0.92,,-50.9269,,-0.73,-0.63,-0.67,-0.6299,-1.25,0.35,-0.99,数据不足,False,-1.9,0.54
2025Q2,石油石化,-0.79,,40.0,-0.15,,0.0001,0.82,15.3846,-0.07,0.0,-0.73,,0.0,0.0,,-0.79,,40.0,1.21,1.57,0.0,1.0,1.57,33.11,26.96,,,,-0.56,,-12.2268,,-0.36,-0.27,-0.23,-0.2654,-0.39,0.78,-0.79,数据不足,False,1.17,0.82
2025Q2,环保,0.31,,80.0,0.01,,0.0,1.06,92.3077,0.14,1.0,0.78,,1.0,0.0,,0.31,,80.0,,0.0,,,0.0,82.22,71.41,,,,-0.4,,19.4706,,0.25,0.63,0.69,0.6315,0.81,0.31,0.31,数据不足,False,4.65,1.06
2025Q2,美容护理,0.4,,100.0,0.09,,0.0,0.61,100.0,0.31,1.0,1.01,,1.0,0.0,,0.4,,100.0,0.05,0.13,4.0,11.0,0.13,27.5,24.1,,,,-0.04,,40.3581,,-0.03,0.4,0.42,0.3997,1.25,0.53,0.4,数据不足,False,4.92,0.61
2025Q3,农林牧渔,-0.18,,50.0,-0.22,,0.0001,1.01,7.1429,-0.2,0.0,-0.71,,0.0,0.0,,-0.18,,50.0,0.75,1.37,1.0,2.0,1.37,0.0,0.0,,,,0.87,,16.2783,,0.08,-0.24,-0.24,-0.2412,0.05,1.19,-0.18,数据不足,False,-13.48,1.01
2025Q3,基础化工,0.6,,66.6667,-0.06,,0.0007,4.53,57.1429,0.15,0.0,0.43,,0.0,0.0,,0.6,,66.6667,1.88,2.03,1.0,1.0,2.03,81.55,86.16,,,,0.28,,19.8601,,0.35,0.42,0.52,0.4182,0.71,2.63,0.6,数据不足,False,0.15,4.53
2025Q3,钢铁,-0.21,,33.3333,0.06,,0.0,0.73,71.4286,0.13,0.0,0.69,,0.0,0.0,,-0.21,,33.3333,0.39,0.52,1.0,1.0,0.52,0.0,0.0,,,,0.94,,0.7834,,-0.04,-0.39,-0.4,-0.3943,0.09,0.32,-0.21,数据不足,False,-14.74,0.73
2025Q3,有色金属,0.51,,50.0,0.41,,0.0034,5.22,71.4286,1.44,0.0,1.4,,0.0,0.0,,0.51,,50.0,5.25,5.35,1.0,1.0,5.35,78.05,83.25,,,,-0.29,,-0.4924,,0.06,0.26,0.35,0.2575,0.63,5.86,0.51,数据不足,False,3.86,5.22
2025Q3,电子,12.24,,100.0,4.1,,0.0665,16.06,100.0,1.86,1.0,2.17,,1.0,0.0,,12.24,,100.0,24.21,13.55,2.0,1.0,13.55,78.48,80.75,,,,8.43,,31.7716,,0.6,1.57,1.63,1.5656,1.88,25.79,12.24,数据不足,False,20.86,16.06
2025Q3,汽车,0.79,,0.0,-0.95,,0.0024,5.04,35.7143,-0.71,0.0,-0.45,,0.0,0.0,,0.79,,0.0,2.63,4.14,1.0,2.0,4.14,0.0,0.0,,,,1.98,,21.8126,,-0.02,-0.38,-0.46,-0.3764,-0.91,4.92,0.79,数据不足,False,-23.92,5.04
2025Q3,家用电器,-0.39,,0.0,-0.67,,0.0008,1.59,42.8571,-0.43,0.0,-0.16,,0.0,0.0,,-0.39,,0.0,2.51,3.17,1.0,1.0,3.17,0.0,0.0,,,,0.15,,-39.2025,,-0.36,-0.53,-0.59,-0.5307,-0.83,2.78,-0.39,数据不足,False,-7.69,1.59
2025Q3,食品饮料,-3.13,,16.6667,0.26,,0.0017,1.65,0.0,-0.98,0.0,-1.27,,0.0,0.0,,-3.13,,16.6667,4.71,7.22,1.0,1.0,7.22,0.0,0.0,,,,-1.62,,-10.8982,,-0.23,-0.71,-0.72,-0.7069,-0.79,4.08,-3.13,数据不足,False,-20.12,1.65
2025Q3,纺织服饰,0.18,,0.0,-0.38,,0.0,0.76,35.7143,-0.06,0.0,-0.1,,0.0,0.0,,0.18,,0.0,,0.03,6.0,,0.03,0.0,0.0,,,,0.7,,-39.4211,,0.89,0.73,0.36,0.7253,-0.81,0.21,0.18,数据不足,True,-7.46,0.76
2025Q3,轻工制造,0.39,,0.0,-1.18,,0.0,1.1,7.1429,-0.12,0.0,-0.67,,0.0,0.0,,0.39,,0.0,,0.09,5.0,,0.09,0.0,0.0,,,,0.44,,-14.3363,,0.55,0.52,0.21,0.5233,-0.97,0.48,0.39,数据不足,True,-8.36,1.1
2025Q3,医药生物,4.17,,33.3333,-2.12,,0.0101,7.09,42.8571,0.95,0.0,0.59,,0.0,0.0,,4.17,,33.3333,3.52,5.87,2.0,3.0,5.87,0.0,0.0,,,,4.96,,-3.3623,,0.41,0.17,0.08,0.1676,0.06,10.04,4.17,数据不足,True,-10.33,7.09
2025Q3,公用事业,-2.54,,16.6667,0.16,,0.0,1.66,14.2857,-0.29,0.0,-0.63,,0.0,0.0,,-2.54,,16.6667,2.48,2.86,0.0,0.0,2.86,85.19,88.64,,,,-2.97,,-31.0452,,-0.43,-0.33,-0.21,-0.3277,-0.62,0.32,-2.54,数据不足,False,1.06,1.66
2025Q3,交通运输,-1.87,,0.0,-0.01,,0.0001,1.29,0.0,-0.71,0.0,-1.13,,0.0,0.0,,-1.87,,0.0,2.42,2.85,0.0,0.0,2.85,0.0,0.0,,,,-1.4,,-39.9141,,-0.6,-0.76,-0.78,-0.7552,-1.1,0.98,-1.87,数据不足,False,-6.95,1.29
2025Q3,房地产,-0.09,,16.6667,-0.2,,0.0,1.24,14.2857,-0.23,0.0,-0.59,,0.0,0.0,,-0.09,,16.6667,0.33,0.66,1.0,2.0,0.66,0.0,0.0,,,,1.2,,-14.0291,,-0.02,-0.42,-0.46,-0.4199,-0.61,0.57,-0.09,数据不足,False,-16.73,1.24
2025Q3,商贸零售,0.07,,16.6667,-1.32,,0.0,1.27,14.2857,-0.53,0.0,-0.76,,0.0,0.0,,0.07,,16.6667,0.28,0.49,1.0,2.0,0.49,0.0,0.0,,,,1.79,,-7.788,,0.2,-0.34,-0.4,-0.3449,-0.65,0.56,0.07,数据不足,False,-23.53,1.27
2025Q3,社会服务,0.22,,0.0,-0.7,,0.0,0.9,7.1429,-0.16,0.0,-0.69,,0.0,0.0,,0.22,,0.0,,0.0,,,0.0,0.0,0.0,,,,1.51,,-30.711,,-0.15,-0.55,-0.61,-0.5471,-0.98,0.22,0.22,数据不足,False,-16.71,0.9
2025Q3,银行,-9.89,,66.6667,0.94,,0.0004,1.66,28.5714,-0.47,0.0,-0.45,,0.0,0.0,,-9.89,,66.6667,9.36,11.84,0.0,0.0,11.84,85.06,87.66,,,,-11.02,,18.4846,,-0.87,-0.58,-0.36,-0.5759,0.46,1.94,-9.89,数据不足,True,5.87,1.66
2025Q3,非银金融,-8.62,,66.6667,0.47,,0.0002,4.11,78.5714,-0.36,0.0,0.56,,0.0,0.0,,-8.62,,66.6667,7.79,10.0,0.0,0.0,10.0,0.0,0.0,,,,-7.4,,34.9753,,-0.55,-0.92,-0.82,-0.9242,0.74,1.38,-8.62,数据不足,True,-15.66,4.11
2025Q3,综合,0.08,,0.0,-0.07,,0.0,0.2,50.0,0.0,0.0,0.21,,0.0,0.0,,0.08,,0.0,,0.0,,,0.0,82.12,87.06,,,,-1.59,,-56.3358,,-0.36,0.07,0.07,0.0682,-0.73,0.08,0.08,数据不足,False,9.62,0.2
2025Q3,建筑材料,0.14,,100.0,0.14,,0.0,0.96,50.0,0.27,0.0,0.36,,0.0,0.0,,0.14,,100.0,0.76,0.49,1.0,1.0,0.49,81.13,86.13,,,,-1.8,,41.9781,,0.06,0.56,0.72,0.5647,1.38,0.63,0.14,数据不足,False,11.25,0.96
2025Q3,建筑装饰,-1.25,,100.0,0.18,,0.0,1.57,14.2857,-0.23,0.0,-0.6,,0.0,0.0,,-1.25,,100.0,1.14,1.59,0.0,0.0,1.59,0.0,0.0,,,,-0.56,,62.3311,,0.03,-0.19,-0.07,-0.1889,1.11,0.33,-1.25,数据不足,True,-9.3,1.57
2025Q3,电力设备,3.18,,83.3333,1.93,,0.015,9.2,78.5714,1.82,0.0,1.74,,0.0,0.0,,3.18,,83.3333,8.13,9.07,1.0,2.0,9.07,0.0,0.0,,,,4.65,,54.961,,0.75,0.29,0.3,0.2923,1.41,12.26,3.18,数据不足,False,-19.25,9.2
2025Q3,机械设备,1.79,,100.0,0.85,,0.0018,7.67,85.7143,0.13,0.0,0.96,,0.0,0.0,,1.79,,100.0,2.84,2.43,2.0,1.0,2.43,0.0,0.0,,,,1.51,,53.5264,,0.31,0.37,0.38,0.3668,1.54,4.22,1.79,数据不足,False,-0.19,7.67
2025Q3,国防军工,1.01,,33.3333,-0.28,,0.0008,3.64,92.8571,0.36,1.0,1.22,,1.0,0.0,,1.01,,33.3333,1.84,1.85,2.0,2.0,1.85,0.0,0.0,,,,1.55,,-5.9046,,0.07,-0.1,-0.16,-0.0985,0.24,2.86,1.01,数据不足,True,-7.65,3.64
2025Q3,计算机,-1.83,,0.0,-0.2,,0.0005,9.32,50.0,-1.28,0.0,-0.49,,0.0,0.0,,-1.83,,0.0,3.04,4.13,1.0,1.0,4.13,84.45,85.95,,,,-3.41,,-39.5421,,-0.79,-0.27,-0.2,-0.2742,-0.92,2.3,-1.83,数据不足,False,17.59,9.32
2025Q3,传媒,1.8,,33.3333,-3.12,,0.0006,2.71,21.4286,-0.73,0.0,-0.73,,0.0,0.0,,1.8,,33.3333,0.82,0.61,4.0,3.0,0.61,88.79,90.14,,,,0.33,,-11.7382,,0.44,0.94,0.86,0.9384,-0.3,2.41,1.8,数据不足,True,20.33,2.71
2025Q3,通信,4.28,,100.0,2.35,,0.009,5.62,85.7143,0.95,0.0,1.4,,0.0,0.0,,4.28,,100.0,10.82,5.2,2.0,1.0,5.2,79.68,81.18,,,,3.13,,26.303,,0.34,0.97,1.08,0.9747,1.66,9.48,4.28,数据不足,False,48.65,5.62
2025Q3,煤炭,-0.85,,33.3333,0.14,,0.0,0.51,0.0,-0.18,0.0,-0.83,,0.0,0.0,,-0.85,,33.3333,0.85,1.16,0.0,0.0,1.16,37.03,24.86,,,,-0.42,,-4.2523,,-0.29,-0.33,-0.26,-0.3257,-0.33,0.31,-0.85,数据不足,False,5.0,0.51
2025Q3,石油石化,-0.95,,16.6667,-0.16,,0.0,0.53,0.0,-0.25,0.0,-0.87,,0.0,0.0,,-0.95,,16.6667,1.21,1.34,0.0,0.0,1.34,39.56,46.17,,,,-0.94,,-22.401,,-0.43,-0.41,-0.36,-0.4076,-0.68,0.38,-0.95,数据不足,False,1.76,0.53
2025Q3,环保,0.21,,0.0,-0.1,,0.0,0.89,42.8571,-0.06,0.0,0.04,,0.0,0.0,,0.21,,0.0,,0.0,,,0.0,83.08,79.83,,,,-0.84,,-40.697,,-0.22,0.09,0.09,0.0896,-0.78,0.21,0.21,数据不足,False,7.79,0.89
2025Q3,美容护理,0.15,,50.0,-0.25,,0.0,0.29,7.1429,-0.08,0.0,-0.65,,0.0,0.0,,0.15,,50.0,0.05,0.11,2.0,6.0,0.11,47.86,40.09,,,,-0.16,,29.0057,,0.22,0.36,0.34,0.3573,0.07,0.26,0.15,数据不足,False,3.01,0.29
2025Q4,农林牧渔,-0.17,,57.1429,0.01,,0.0001,1.27,46.6667,0.11,0.0,0.12,,0.0,1.0,,-0.17,,57.1429,0.75,1.24,1.0,1.0,1.24,0.0,0.0,,,,0.82,,18.5048,,0.05,-0.22,-0.22,-0.2186,0.26,1.07,-0.17,数据不足,False,-13.48,1.27
2025Q4,基础化工,1.31,,100.0,0.71,,0.0012,4.9,60.0,0.38,0.0,0.44,,0.0,1.0,,1.31,,100.0,1.88,2.22,2.0,2.0,2.22,84.55,88.68,,,,1.38,,49.2388,,0.57,0.63,0.75,0.6254,1.19,3.53,1.31,数据不足,False,0.15,4.9
2025Q4,钢铁,-0.08,,100.0,0.13,,0.0,0.72,66.6667,0.08,0.0,0.48,,0.0,1.0,,-0.08,,100.0,0.39,0.54,1.0,1.0,0.54,0.0,0.0,,,,0.96,,62.3683,,0.3,0.01,0.07,0.0116,1.2,0.46,-0.08,数据不足,False,-14.74,0.72
2025Q4,有色金属,1.49,,71.4286,0.98,,0.006,6.49,93.3333,2.47,1.0,1.65,,1.0,1.0,,1.49,,71.4286,5.25,6.24,1.0,1.0,6.24,80.03,84.93,,,,1.2,,16.9405,,0.26,0.42,0.52,0.4246,0.96,7.73,1.49,数据不足,False,3.86,6.49
2025Q4,电子,10.25,,85.7143,-1.99,,0.058,17.43,100.0,2.94,1.0,1.91,,1.0,1.0,,10.25,,85.7143,24.21,13.82,2.0,1.0,13.82,82.93,84.89,,,,7.47,,11.2259,,0.45,1.26,1.32,1.256,1.31,24.08,10.25,数据不足,False,20.86,17.43
2025Q4,汽车,1.55,,14.2857,0.76,,0.0027,4.45,26.6667,-1.01,0.0,-0.56,,0.0,1.0,,1.55,,14.2857,2.63,3.65,1.0,2.0,3.65,0.0,0.0,,,,1.58,,-9.9285,,-0.0,-0.24,-0.32,-0.2408,-0.77,5.2,1.55,数据不足,False,-23.92,4.45
2025Q4,家用电器,-0.68,,0.0,-0.29,,0.0007,1.5,26.6667,-0.42,0.0,-0.39,,0.0,1.0,,-0.68,,0.0,2.51,3.24,1.0,1.0,3.24,0.0,0.0,,,,-0.01,,-43.5131,,-0.42,-0.57,-0.64,-0.5672,-1.0,2.56,-0.68,数据不足,False,-7.69,1.5
2025Q4,食品饮料,-2.85,,28.5714,0.29,,0.0014,1.47,0.0,-0.76,0.0,-0.97,,0.0,1.0,,-2.85,,28.5714,4.71,6.61,1.0,1.0,6.61,0.0,0.0,,,,-1.63,,-4.9122,,-0.23,-0.61,-0.63,-0.613,-0.6,3.76,-2.85,数据不足,False,-20.12,1.47
2025Q4,纺织服饰,0.17,,0.0,-0.01,,0.0,0.8,46.6667,-0.05,0.0,0.08,,0.0,1.0,,0.17,,0.0,,0.04,6.0,,0.04,0.0,0.0,,,,0.83,,-43.7134,,0.25,0.11,-0.12,0.1077,-0.87,0.2,0.17,数据不足,True,-7.46,0.8
2025Q4,轻工制造,0.59,,14.2857,0.2,,0.0,1.2,46.6667,-0.05,0.0,0.08,,0.0,1.0,,0.59,,14.2857,,0.04,14.0,,0.04,0.0,0.0,,,,0.67,,-26.4737,,1.33,1.27,0.8,1.2721,-0.59,0.63,0.59,数据不足,True,-8.36,1.2
2025Q4,医药生物,3.64,,0.0,-0.53,,0.0071,4.9,6.6667,-1.18,0.0,-0.97,,0.0,1.0,,3.64,,0.0,3.52,4.79,2.0,2.0,4.79,0.0,0.0,,,,4.47,,-41.2484,,0.09,-0.11,-0.23,-0.1118,-1.16,8.43,3.64,数据不足,True,-10.33,4.9
2025Q4,公用事业,-2.59,,14.2857,-0.05,,0.0,1.75,26.6667,0.01,0.0,-0.27,,0.0,1.0,,-2.59,,14.2857,2.48,2.86,0.0,0.0,2.86,87.45,90.73,,,,-2.6,,-37.3776,,-0.38,-0.3,-0.21,-0.2951,-0.69,0.27,-2.59,数据不足,False,1.06,1.75
2025Q4,交通运输,-1.74,,42.8571,0.13,,0.0001,1.46,13.3333,-0.22,0.0,-0.57,,0.0,1.0,,-1.74,,42.8571,2.42,2.95,0.0,0.0,2.95,0.0,0.0,,,,-1.11,,-1.3098,,-0.35,-0.47,-0.47,-0.4718,-0.21,1.21,-1.74,数据不足,False,-6.95,1.46
2025Q4,房地产,-0.28,,0.0,-0.19,,0.0,1.39,20.0,0.08,0.0,-0.36,,0.0,1.0,,-0.28,,0.0,0.33,0.54,0.0,1.0,0.54,0.0,0.0,,,,0.84,,-36.064,,-0.25,-0.57,-0.64,-0.5733,-0.99,0.26,-0.28,数据不足,False,-16.73,1.39
2025Q4,商贸零售,0.08,,42.8571,0.01,,0.0,1.56,40.0,-0.21,0.0,-0.09,,0.0,1.0,,0.08,,42.8571,0.28,0.54,1.0,2.0,0.54,0.0,0.0,,,,1.38,,11.8575,,0.2,-0.24,-0.27,-0.2392,-0.08,0.62,0.08,数据不足,False,-23.53,1.56
2025Q4,社会服务,0.28,,14.2857,0.06,,0.0,0.74,0.0,-0.26,0.0,-0.82,,0.0,1.0,,0.28,,14.2857,,0.0,,,0.0,0.0,0.0,,,,1.4,,-21.791,,-0.14,-0.46,-0.53,-0.4646,-0.84,0.28,0.28,数据不足,False,-16.71,0.74
2025Q4,银行,-10.04,,42.8571,-0.15,,0.0004,1.59,20.0,-0.2,0.0,-0.45,,0.0,1.0,,-10.04,,42.8571,9.36,12.03,0.0,0.0,12.03,88.53,90.83,,,,-10.55,,-13.3961,,-0.93,-0.71,-0.55,-0.7102,-0.18,1.99,-10.04,数据不足,False,5.87,1.59
2025Q4,非银金融,-8.07,,100.0,0.55,,0.0005,2.79,6.6667,-1.66,0.0,-1.11,,0.0,1.0,,-8.07,,100.0,7.79,10.4,0.0,0.0,10.4,0.0,0.0,,,,-6.99,,63.098,,-0.38,-0.69,-0.57,-0.687,0.76,2.33,-8.07,数据不足,True,-15.66,2.79
2025Q4,综合,0.1,,57.1429,0.02,,0.0,0.25,73.3333,0.04,0.0,0.59,,0.0,1.0,,0.1,,57.1429,,0.0,,,0.0,82.7,87.79,,,,-0.88,,-3.5517,,0.11,0.46,0.51,0.4614,0.39,0.1,0.1,数据不足,False,9.62,0.25
2025Q4,建筑材料,0.27,,100.0,0.12,,0.0001,0.85,26.6667,0.13,0.0,-0.23,,0.0,1.0,,0.27,,100.0,0.76,0.47,2.0,1.0,0.47,86.53,90.53,,,,-0.94,,37.4454,,0.14,0.55,0.69,0.5512,1.0,0.74,0.27,数据不足,False,11.25,0.85
2025Q4,建筑装饰,-1.1,,100.0,0.15,,0.0,1.74,20.0,0.05,0.0,-0.37,,0.0,1.0,,-1.1,,100.0,1.14,1.49,0.0,0.0,1.49,0.0,0.0,,,,-0.33,,57.8795,,0.04,-0.14,-0.06,-0.1414,0.96,0.39,-1.1,数据不足,True,-9.3,1.74
2025Q4,电力设备,3.2,,85.7143,0.02,,0.0132,11.66,93.3333,3.88,1.0,2.06,,1.0,1.0,,3.2,,85.7143,8.13,8.3,1.0,1.0,8.3,0.0,0.0,,,,4.4,,51.5731,,0.63,0.26,0.26,0.2565,1.35,11.5,3.2,数据不足,False,-19.25,11.66
2025Q4,机械设备,2.55,,100.0,0.76,,0.0024,6.9,73.3333,-1.02,0.0,0.28,,0.0,1.0,,2.55,,100.0,2.84,2.33,2.0,2.0,2.33,0.0,0.0,,,,2.65,,49.5686,,0.32,0.37,0.37,0.3677,1.14,4.88,2.55,数据不足,False,-0.19,6.9
2025Q4,国防军工,0.43,,0.0,-0.58,,0.0006,4.17,100.0,0.76,1.0,1.28,,1.0,1.0,,0.43,,0.0,1.84,1.94,1.0,1.0,1.94,0.0,0.0,,,,1.1,,-43.5456,,-0.29,-0.43,-0.52,-0.4276,-0.55,2.37,0.43,数据不足,False,-7.65,4.17
2025Q4,计算机,-1.99,,0.0,-0.16,,0.0003,6.7,13.3333,-4.22,0.0,-1.73,,0.0,1.0,,-1.99,,0.0,3.04,3.62,0.0,1.0,3.62,69.63,73.31,,,,-4.02,,-47.8028,,-0.69,-0.37,-0.34,-0.3676,-1.37,1.63,-1.99,数据不足,False,-7.65,6.7
2025Q4,传媒,0.65,,28.5714,-1.14,,0.0002,2.62,20.0,-0.77,0.0,-0.61,,0.0,1.0,,0.65,,28.5714,0.82,0.61,2.0,2.0,0.61,80.64,83.36,,,,-1.39,,-19.7559,,-0.1,0.24,0.26,0.241,-0.5,1.26,0.65,数据不足,True,-6.28,2.62
2025Q4,通信,4.47,,100.0,0.2,,0.0126,6.11,100.0,1.04,1.0,1.36,,1.0,1.0,,4.47,,100.0,10.82,6.74,2.0,1.0,6.74,83.79,85.16,,,,1.21,,45.961,,0.11,0.88,0.99,0.8767,1.44,11.21,4.47,数据不足,False,13.61,6.11
2025Q4,煤炭,-0.78,,42.8571,0.08,,0.0,0.71,26.6667,0.13,0.0,-0.23,,0.0,1.0,,-0.78,,42.8571,0.85,1.11,0.0,0.0,1.11,36.92,29.53,,,,-0.52,,-3.4636,,-0.27,-0.23,-0.18,-0.2283,-0.12,0.34,-0.78,数据不足,False,2.85,0.71
2025Q4,石油石化,-1.01,,14.2857,-0.05,,0.0,0.64,13.3333,-0.01,0.0,-0.51,,0.0,1.0,,-1.01,,14.2857,1.21,1.58,0.0,0.0,1.58,89.02,92.15,,,,-0.33,,-41.1813,,-0.25,-0.13,-0.06,-0.1317,-0.75,0.58,-1.01,数据不足,False,15.31,0.64
2025Q4,环保,0.25,,14.2857,0.04,,0.0,1.03,80.0,0.1,0.0,0.72,,0.0,1.0,,0.25,,14.2857,,0.0,,,0.0,85.01,82.43,,,,-0.46,,-37.9202,,-0.03,0.16,0.17,0.1599,-0.42,0.25,0.25,数据不足,False,0.47,1.03
2025Q4,美容护理,0.07,,42.8571,-0.08,,0.0,0.22,0.0,-0.16,0.0,-0.8,,0.0,1.0,,0.07,,42.8571,0.05,0.08,2.0,3.0,0.08,17.72,13.96,,,,-0.59,,1.2872,,-0.14,-0.07,-0.1,-0.0703,-0.27,0.15,0.07,数据不足,True,-8.84,0.22
2026Q1,农林牧渔,-0.17,-0.48,50.0,-0.01,,0.0001,1.11,18.75,-0.11,0.0,-0.36,0.0,0.0,0.0,0.0,-0.17,-0.48,50.0,0.75,1.15,1.0,1.0,1.15,0.0,0.0,,0.23,0.23,0.69,-0.1469,10.2802,,-0.03,-0.27,-0.28,-0.2684,-0.14,0.98,-0.17,中性,False,-13.48,1.11
2026Q1,基础化工,2.05,4.2672,100.0,0.74,,0.0022,5.45,68.75,0.65,0.0,0.69,1.0,0.0,0.0,1.0,2.05,4.2672,100.0,1.88,2.62,2.0,2.0,2.62,81.77,86.64,,-2.11,-2.11,2.07,4.2266,51.3826,,0.64,0.71,0.83,0.7113,1.94,4.66,2.05,极度拥挤,False,0.15,5.45
2026Q1,钢铁,0.0,2.3741,100.0,0.08,,0.0,0.76,81.25,0.08,0.0,0.67,1.0,0.0,0.0,1.0,0.0,2.3741,100.0,0.39,0.53,1.0,1.0,0.53,0.0,0.0,,-1.52,-1.52,0.9,2.7359,61.006,,0.29,0.03,0.09,0.0338,1.38,0.53,0.0,极度拥挤,False,-14.74,0.76
2026Q1,有色金属,0.39,-0.562,37.5,-1.1,,0.0045,7.48,100.0,2.66,1.0,1.9,0.0,1.0,0.0,1.0,0.39,-0.562,37.5,5.25,6.31,1.0,1.0,6.31,76.96,82.44,,0.45,0.45,0.01,-0.7267,-13.9032,,-0.05,0.12,0.18,0.1216,0.02,6.7,0.39,中性,False,3.86,7.48
2026Q1,电子,9.08,0.5257,75.0,-1.17,,0.049,16.22,93.75,1.12,1.0,1.24,0.0,1.0,0.0,1.0,9.08,0.5257,75.0,24.21,13.05,2.0,1.0,13.05,83.21,85.31,,2.33,2.33,5.6,-0.3602,8.3406,,0.31,1.13,1.18,1.1263,0.65,22.13,9.08,偏拥挤,False,20.86,16.22
2026Q1,汽车,0.52,-2.019,0.0,-1.03,,0.0018,3.68,12.5,-1.67,0.0,-1.03,0.0,0.0,0.0,0.0,0.52,-2.019,0.0,2.63,3.71,1.0,2.0,3.71,0.0,0.0,,1.4,1.4,1.46,-1.471,-34.0686,,-0.04,-0.44,-0.53,-0.4388,-1.23,4.23,0.52,中性,False,-23.92,3.68
2026Q1,家用电器,-1.13,-2.2378,0.0,-0.45,,0.0004,1.26,6.25,-0.52,0.0,-0.7,0.0,0.0,0.0,0.0,-1.13,-2.2378,0.0,2.51,3.07,1.0,1.0,3.07,0.0,0.0,,1.05,1.05,-0.51,-2.0491,-43.2649,,-0.52,-0.64,-0.7,-0.6415,-1.24,1.94,-1.13,显著低配,False,-7.69,1.26
2026Q1,食品饮料,-3.13,-0.8447,25.0,-0.28,,0.0013,1.25,0.0,-0.75,0.0,-0.88,0.0,0.0,0.0,0.0,-3.13,-0.8447,25.0,4.71,6.8,1.0,1.0,6.8,0.0,0.0,,-0.41,-0.41,-2.17,-0.3689,-11.0258,,-0.33,-0.68,-0.69,-0.6786,-0.59,3.67,-3.13,中性,False,-20.12,1.25
2026Q1,纺织服饰,0.18,-1.4707,25.0,0.01,,0.0,0.59,0.0,-0.27,0.0,-0.71,0.0,0.0,0.0,0.0,0.18,-1.4707,25.0,,0.03,7.0,,0.03,0.0,0.0,,0.96,0.96,0.79,-1.288,-18.4116,,0.59,0.48,0.22,0.4761,-0.75,0.21,0.18,极度拥挤,True,-7.46,0.59
2026Q1,轻工制造,0.5,-1.0174,12.5,-0.08,,0.0,1.03,6.25,-0.23,0.0,-0.59,0.0,0.0,0.0,0.0,0.5,-1.0174,12.5,,0.05,12.0,,0.05,0.0,0.0,,0.77,0.77,1.16,-0.8109,-30.3372,,1.27,1.13,0.68,1.1315,-0.74,0.55,0.5,极度拥挤,True,-8.36,1.03
2026Q1,医药生物,4.02,-0.6336,25.0,0.38,,0.0077,4.16,0.0,-1.81,0.0,-1.27,0.0,0.0,0.0,0.0,4.02,-0.6336,25.0,3.52,4.73,2.0,2.0,4.73,0.0,0.0,,1.56,1.56,4.78,-0.3768,-16.6121,,0.25,0.07,-0.03,0.0713,-0.59,8.75,4.02,拥挤,True,-10.33,4.16
2026Q1,公用事业,-2.7,-1.0531,12.5,-0.11,,0.0,2.55,87.5,0.78,0.0,1.02,0.0,0.0,0.0,0.0,-2.7,-1.0531,12.5,2.48,3.04,0.0,0.0,3.04,80.85,85.82,,-0.16,-0.16,-2.77,-1.1234,-36.7897,,-0.47,-0.37,-0.29,-0.3715,-0.51,0.34,-2.7,显著低配,False,1.06,2.55
2026Q1,交通运输,-1.5,0.1855,50.0,0.24,,0.0002,1.27,0.0,-0.31,0.0,-0.72,0.0,0.0,0.0,0.0,-1.5,0.1855,50.0,2.42,3.04,1.0,1.0,3.04,0.0,0.0,,-0.58,-0.58,-0.92,0.3543,6.2561,,-0.32,-0.42,-0.41,-0.4213,-0.0,1.55,-1.5,中性,True,-6.95,1.27
2026Q1,房地产,-0.2,-0.9034,25.0,0.08,,0.0,0.89,0.0,-0.31,0.0,-0.72,0.0,0.0,0.0,0.0,-0.2,-0.9034,25.0,0.33,0.49,1.0,1.0,0.49,0.0,0.0,,0.49,0.49,0.74,-0.4976,-12.8677,,-0.15,-0.44,-0.47,-0.4393,-0.59,0.3,-0.2,中性,False,-16.73,0.89
2026Q1,商贸零售,-0.0,-0.793,12.5,-0.08,,0.0,1.04,0.0,-0.62,0.0,-0.83,0.0,0.0,0.0,0.0,-0.0,-0.793,12.5,0.28,0.43,1.0,2.0,0.43,0.0,0.0,,0.48,0.48,0.94,-0.2523,-21.767,,-0.04,-0.43,-0.5,-0.4336,-0.7,0.43,-0.0,中性,False,-23.53,1.04
2026Q1,社会服务,0.29,-0.9513,25.0,0.01,,0.0,0.62,0.0,-0.28,0.0,-0.71,0.0,0.0,0.0,0.0,0.29,-0.9513,25.0,,0.0,,,0.0,0.0,0.0,,0.66,0.66,1.23,-0.5459,-12.8768,,-0.09,-0.39,-0.44,-0.3852,-0.6,0.29,0.29,中性,False,-16.71,0.62
2026Q1,银行,-9.91,0.2696,62.5,0.12,,0.0004,1.19,0.0,-0.6,0.0,-0.82,0.0,0.0,0.0,0.0,-9.91,0.2696,62.5,9.36,12.0,0.0,0.0,12.0,90.07,92.28,,-3.12,-3.12,-10.56,0.0333,9.5141,,-0.85,-0.62,-0.43,-0.6176,0.14,2.09,-9.91,显著低配,True,5.87,1.19
2026Q1,非银金融,-7.69,1.8982,100.0,0.38,,0.0002,2.26,0.0,-1.31,0.0,-1.09,1.0,0.0,0.0,1.0,-7.69,1.8982,100.0,7.79,9.04,0.0,0.0,9.04,0.0,0.0,,-3.49,-3.49,-6.78,2.2806,61.5309,,-0.42,-0.69,-0.57,-0.6932,0.98,1.35,-7.69,显著低配,True,-15.66,2.26
2026Q1,综合,0.08,-1.4425,0.0,-0.03,,0.0,0.2,56.25,-0.01,0.0,0.25,0.0,0.0,0.0,0.0,0.08,-1.4425,0.0,,0.0,,,0.0,84.68,89.24,,0.91,0.91,-1.12,-1.8218,-56.0866,,-0.34,0.02,0.02,0.0193,-0.87,0.08,0.08,中性,False,9.62,0.2
2026Q1,建筑材料,0.34,1.9539,100.0,0.07,,0.0001,0.96,56.25,0.21,0.0,0.34,1.0,0.0,0.0,1.0,0.34,1.9539,100.0,0.76,0.58,2.0,1.0,0.58,83.24,88.42,,-1.15,-1.15,-1.14,1.5086,42.5001,,0.13,0.56,0.69,0.5551,1.2,0.91,0.34,极度拥挤,False,11.25,0.96
2026Q1,建筑装饰,-1.09,1.6644,100.0,0.01,,0.0,1.89,25.0,0.3,0.0,-0.11,1.0,0.0,0.0,1.0,-1.09,1.6644,100.0,1.14,1.59,0.0,0.0,1.59,0.0,0.0,,-1.39,-1.39,-0.38,1.8953,57.7526,,0.01,-0.15,-0.07,-0.1503,1.06,0.5,-1.09,显著低配,True,-9.3,1.89
2026Q1,电力设备,3.5,1.0199,100.0,0.3,,0.0162,11.46,87.5,2.56,0.0,1.67,1.0,0.0,0.0,1.0,3.5,1.0199,100.0,8.13,9.24,1.0,2.0,9.24,0.0,0.0,,0.37,0.37,4.46,1.4781,63.5062,,0.7,0.36,0.38,0.3626,1.12,12.74,3.5,极度拥挤,False,-19.25,11.46
2026Q1,机械设备,2.81,2.3922,100.0,0.26,,0.0025,7.15,81.25,-0.79,0.0,0.35,1.0,0.0,0.0,1.0,2.81,2.3922,100.0,2.84,2.2,2.0,2.0,2.2,0.0,0.0,,-0.7,-0.7,2.86,2.3624,51.6281,,0.38,0.44,0.43,0.4359,1.34,5.01,2.81,极度拥挤,False,-0.19,7.15
2026Q1,国防军工,0.36,-2.0816,0.0,-0.07,,0.0005,5.18,100.0,1.55,1.0,1.5,0.0,1.0,0.0,1.0,0.36,-2.0816,0.0,1.84,1.89,1.0,1.0,1.89,0.0,0.0,,1.4,1.4,0.98,-1.8938,-43.2887,,-0.32,-0.44,-0.53,-0.4441,-0.88,2.25,0.36,中性,False,-7.65,5.18
2026Q1,计算机,-1.88,-1.0111,12.5,0.11,,0.0002,7.29,31.25,-2.32,0.0,-0.98,0.0,0.0,0.0,0.0,-1.88,-1.0111,12.5,3.04,3.37,0.0,0.0,3.37,58.07,59.61,,0.06,0.06,-3.58,-1.1997,-36.9778,,-0.54,-0.37,-0.34,-0.3722,-0.79,1.49,-1.88,显著低配,False,-7.61,7.29
2026Q1,传媒,0.33,-1.0075,25.0,-0.32,,0.0001,3.5,50.0,0.48,0.0,0.34,0.0,0.0,0.0,0.0,0.33,-1.0075,25.0,0.82,0.61,2.0,1.0,0.61,68.75,74.23,,0.71,0.71,-1.53,-1.2753,-26.3632,,-0.15,0.08,0.1,0.0795,-0.47,0.94,0.33,中性,True,-4.74,3.5
2026Q1,通信,6.05,2.5659,100.0,1.58,,0.0173,6.33,100.0,0.83,1.0,1.23,1.0,1.0,0.0,2.0,6.05,2.5659,100.0,10.82,7.1,2.0,1.0,7.1,82.3,84.16,,0.15,0.15,2.33,1.7716,37.8076,,0.43,1.04,1.13,1.0392,1.51,13.15,6.05,极度拥挤,False,5.95,6.33
2026Q1,煤炭,-0.81,-0.4357,37.5,-0.04,,0.0,0.8,31.25,0.22,0.0,-0.05,0.0,0.0,0.0,0.0,-0.81,-0.4357,37.5,0.85,1.44,0.0,1.0,1.44,84.23,90.09,,0.01,0.01,1.1,-0.6247,-17.0042,,-0.09,-0.03,0.07,-0.0267,-0.22,0.63,-0.81,显著低配,False,16.83,0.8
2026Q1,石油石化,-0.59,0.4538,75.0,0.41,,0.0001,1.38,93.75,0.73,1.0,1.1,0.0,1.0,0.0,1.0,-0.59,0.4538,75.0,1.21,1.81,1.0,1.0,1.81,76.15,82.87,,-0.48,-0.48,0.32,0.1535,18.9757,,0.02,0.18,0.31,0.1839,0.61,1.21,-0.59,中性,True,15.36,1.38
2026Q1,环保,0.25,-1.0564,12.5,-0.0,,0.0,0.87,37.5,-0.08,0.0,-0.06,0.0,0.0,0.0,0.0,0.25,-1.0564,12.5,,0.0,,,0.0,86.02,88.91,,0.72,0.72,-0.09,-1.2594,-39.7516,,-0.03,0.15,0.16,0.1496,-0.67,0.25,0.25,中性,False,4.87,0.87
2026Q1,美容护理,0.06,-0.6789,37.5,-0.01,,0.0,0.18,0.0,-0.16,0.0,-0.67,0.0,0.0,0.0,0.0,0.06,-0.6789,37.5,0.05,0.07,2.0,3.0,0.07,0.0,0.0,,0.42,0.42,-0.86,-0.7078,-9.0841,,-0.24,-0.19,-0.25,-0.1869,-0.38,0.13,0.06,中性,True,-8.93,0.18
2026Q2,农林牧渔,-0.3,-0.9636,11.1111,-0.13,-0.23,0.0,0.67,0.0,-0.6,0.0,-0.55,0.0,0.0,1.0,1.0,-0.3,-0.9636,11.1111,0.75,0.75,1.0,1.0,0.75,0.0,0.0,,0.12,0.12,1.39,0.3553,-8.3364,0.5064,0.04,-0.34,-0.35,-0.3406,-0.36,0.45,-0.3,中性,False,-13.48,0.67
2026Q2,基础化工,0.36,-0.6357,22.2222,-1.68,-4.49,0.0005,5.08,64.7059,-0.11,0.0,0.57,0.0,0.0,1.0,1.0,0.36,-0.6357,22.2222,1.88,1.88,1.0,1.0,1.88,82.56,87.01,,0.14,0.14,-0.6,-0.6154,-20.8859,-5.024,-0.01,0.22,0.04,0.2231,-0.26,2.24,0.36,中性,False,0.15,5.08
2026Q2,钢铁,-0.27,-1.3035,11.1111,-0.27,-2.55,0.0,0.43,0.0,-0.27,0.0,-0.49,0.0,0.0,1.0,1.0,-0.27,-1.3035,11.1111,0.39,0.39,0.0,0.0,0.39,0.0,0.0,,0.28,0.28,1.63,0.1116,-6.496,-1.736,-0.15,-0.58,-0.63,-0.5785,-0.52,0.12,-0.27,显著低配,False,-14.74,0.43
2026Q2,有色金属,-1.66,-2.8451,0.0,-2.05,-2.06,0.0013,6.31,82.3529,0.48,0.0,0.96,0.0,0.0,1.0,1.0,-1.66,-2.8451,0.0,5.25,5.25,1.0,1.0,5.25,80.5,84.94,,0.61,0.61,-3.53,-3.2697,-50.8694,-3.0604,-0.55,-0.11,-0.14,-0.1132,-0.67,3.59,-1.66,显著低配,False,3.86,6.31
2026Q2,电子,19.03,4.3681,100.0,9.95,4.03,0.187,27.03,100.0,11.69,1.0,3.14,1.0,1.0,1.0,3.0,19.03,4.3681,100.0,24.21,24.21,2.0,2.0,24.21,74.14,77.33,,2.32,2.32,11.7,1.2794,4.525,-0.0083,0.55,2.2,2.09,2.2024,2.02,43.24,19.03,极度拥挤,False,20.86,27.03
2026Q2,汽车,-0.69,-3.1894,0.0,-1.21,-1.29,0.0004,3.0,0.0,-1.81,0.0,-0.75,0.0,0.0,1.0,1.0,-0.69,-3.1894,0.0,2.63,2.63,1.0,1.0,2.63,0.0,0.0,,0.98,0.98,2.45,-1.168,-5.5488,0.0077,0.33,-0.39,-0.46,-0.3922,-0.92,1.94,-0.69,显著低配,False,-23.92,3.0
2026Q2,家用电器,-1.38,-1.9554,0.0,-0.25,-0.08,0.0001,1.09,0.0,-0.43,0.0,-0.52,0.0,0.0,1.0,1.0,-1.38,-1.9554,0.0,2.51,2.51,0.0,0.0,2.51,0.0,0.0,,0.3,0.3,-0.7,-1.129,-28.6452,0.1993,-0.36,-0.51,-0.49,-0.5082,-0.61,1.13,-1.38,显著低配,False,-7.69,1.09
2026Q2,食品饮料,-3.19,-0.8085,11.1111,-0.06,0.53,0.0002,1.12,0.0,-0.66,0.0,-0.55,0.0,0.0,1.0,1.0,-3.19,-0.8085,11.1111,4.71,4.71,0.0,0.0,4.71,0.0,0.0,,-0.61,-0.61,-0.53,0.9822,0.8648,1.6563,0.02,-0.59,-0.51,-0.5902,-0.29,1.51,-3.19,显著低配,False,-20.12,1.12
2026Q2,纺织服饰,0.13,-1.4809,0.0,-0.05,0.05,0.0,0.45,0.0,-0.37,0.0,-0.51,0.0,0.0,1.0,1.0,0.13,-1.4809,0.0,,0.0,,,0.0,0.0,0.0,,0.45,0.45,0.78,-0.6757,-29.0328,0.3109,-0.25,-0.39,-0.39,-0.3873,-0.52,0.13,0.13,中性,False,-7.46,0.45
2026Q2,轻工制造,0.29,-1.5004,0.0,-0.21,-0.31,0.0,0.91,0.0,-0.34,0.0,-0.5,0.0,0.0,1.0,1.0,0.29,-1.5004,0.0,,0.0,,,0.0,0.0,0.0,,0.49,0.49,1.11,-0.6127,-27.518,0.0304,-0.23,-0.4,-0.42,-0.3989,-0.54,0.29,0.29,中性,False,-8.36,0.91
2026Q2,医药生物,1.97,-2.8784,0.0,-2.05,-1.52,0.003,3.86,0.0,-1.96,0.0,-0.78,0.0,0.0,1.0,1.0,1.97,-2.8784,0.0,3.52,3.52,2.0,2.0,3.52,0.0,0.0,,1.47,1.47,3.14,-1.8179,-24.3156,-1.0158,0.38,0.12,-0.1,0.1235,-0.88,5.49,1.97,中性,True,-10.33,3.86
2026Q2,公用事业,-2.26,0.0407,55.5556,0.43,3.71,0.0,2.75,88.2353,0.7,0.0,1.09,0.0,0.0,1.0,1.0,-2.26,0.0407,55.5556,2.48,2.48,0.0,0.0,2.48,79.13,84.52,,-0.76,-0.76,-3.45,-0.045,10.5877,3.0698,-0.21,0.08,0.36,0.0762,0.6,0.22,-2.26,显著低配,True,1.06,2.75
2026Q2,交通运输,-1.71,-0.5063,44.4444,-0.21,-0.55,0.0001,0.93,0.0,-0.64,0.0,-0.55,0.0,0.0,1.0,1.0,-1.71,-0.5063,44.4444,2.42,2.42,0.0,0.0,2.42,0.0,0.0,,-0.4,-0.4,-1.17,0.2508,14.5316,-0.3405,-0.32,-0.43,-0.38,-0.4315,-0.01,0.71,-1.71,显著低配,False,-6.95,0.93
2026Q2,房地产,-0.08,-0.3768,44.4444,0.12,0.39,0.0,0.79,0.0,-0.36,0.0,-0.5,0.0,0.0,1.0,1.0,-0.08,-0.3768,44.4444,0.33,0.33,1.0,1.0,0.33,0.0,0.0,,-0.08,-0.08,2.11,1.1843,29.6625,1.3343,0.41,-0.08,-0.08,-0.0835,0.06,0.25,-0.08,中性,False,-16.73,0.79
2026Q2,商贸零售,-0.15,-0.9132,0.0,-0.15,-0.16,0.0,0.67,0.0,-0.8,0.0,-0.58,0.0,0.0,1.0,1.0,-0.15,-0.9132,0.0,0.28,0.28,0.0,0.0,0.28,0.0,0.0,,0.14,0.14,2.94,1.0854,-6.0191,1.1173,0.27,-0.44,-0.44,-0.4391,-0.44,0.13,-0.15,显著低配,False,-23.53,0.67
2026Q2,社会服务,0.12,-1.1468,0.0,-0.17,-0.25,0.0,0.42,0.0,-0.4,0.0,-0.51,0.0,0.0,1.0,1.0,0.12,-1.1468,0.0,,0.0,,,0.0,0.0,0.0,,0.3,0.3,2.31,0.4131,-14.8047,0.6887,0.09,-0.41,-0.42,-0.4089,-0.48,0.12,0.12,中性,False,-16.71,0.42
2026Q2,银行,-8.24,4.122,100.0,1.67,2.57,0.0001,0.91,0.0,-0.77,0.0,-0.57,1.0,0.0,1.0,2.0,-8.24,4.122,100.0,9.36,9.36,0.0,0.0,9.36,91.11,93.38,,-3.88,-3.88,-10.65,3.4379,44.659,1.2856,-0.6,-0.04,0.28,-0.0416,1.42,1.12,-8.24,显著低配,True,5.87,0.91
2026Q2,非银金融,-6.85,2.6647,100.0,0.84,1.3,0.0001,1.92,0.0,-1.32,0.0,-0.67,1.0,0.0,1.0,2.0,-6.85,2.6647,100.0,7.79,7.79,0.0,0.0,7.79,0.0,0.0,,-2.94,-2.94,-4.82,4.1483,83.7143,2.1738,-0.01,-0.47,-0.26,-0.47,1.09,0.94,-6.85,显著低配,True,-15.66,1.92
2026Q2,综合,0.04,-2.861,0.0,-0.04,-0.82,0.0,0.2,41.1765,-0.02,0.0,0.21,0.0,0.0,1.0,1.0,0.04,-2.861,0.0,,0.0,,,0.0,84.24,88.84,,1.01,1.01,-3.43,-4.0663,-64.2201,-2.6847,-0.67,0.13,0.1,0.1298,-0.71,0.04,0.04,中性,False,9.62,0.2
2026Q2,建筑材料,1.02,4.0891,100.0,0.68,8.88,0.0003,1.25,76.4706,0.4,0.0,0.85,1.0,0.0,1.0,2.0,1.02,4.0891,100.0,0.76,0.76,2.0,2.0,0.76,78.21,84.62,,-1.73,-1.73,-2.95,2.641,31.6845,6.7478,0.81,1.72,1.84,1.7225,1.9,1.78,1.02,极度拥挤,False,11.25,1.25
2026Q2,建筑装饰,-0.96,1.953,100.0,0.13,0.6,0.0,1.47,0.0,-0.21,0.0,-0.48,1.0,0.0,1.0,2.0,-0.96,1.953,100.0,1.14,1.14,0.0,0.0,1.14,0.0,0.0,,-1.27,-1.27,0.03,2.9245,74.0285,1.0213,0.05,-0.16,-0.03,-0.1618,0.96,0.18,-0.96,显著低配,True,-9.3,1.47
2026Q2,电力设备,-0.76,-4.2429,0.0,-4.26,-4.07,0.0054,10.08,82.3529,0.24,0.0,0.92,0.0,0.0,1.0,1.0,-0.76,-4.2429,0.0,8.13,8.13,1.0,1.0,8.13,0.0,0.0,,1.42,1.42,1.79,-2.5095,-11.3884,-2.9888,0.13,-0.45,-0.64,-0.4484,-1.01,7.38,-0.76,显著低配,False,-19.25,10.08
2026Q2,机械设备,3.29,2.3931,100.0,0.48,0.6,0.0038,7.84,94.1176,0.46,1.0,1.14,1.0,1.0,1.0,3.0,3.29,2.3931,100.0,2.84,2.84,2.0,2.0,2.84,0.0,0.0,,-0.48,-0.48,2.41,2.4519,57.5686,0.1117,0.78,1.0,0.8,0.9964,1.25,6.13,3.29,极度拥挤,False,-0.19,7.84
2026Q2,国防军工,-0.3,-3.6326,0.0,-0.66,-1.69,0.0002,3.11,41.1765,-1.17,0.0,0.02,0.0,0.0,1.0,1.0,-0.3,-3.6326,0.0,1.84,1.84,1.0,1.0,1.84,0.0,0.0,,1.26,1.26,0.38,-2.8097,-28.708,-1.4135,-0.2,-0.34,-0.45,-0.3447,-0.91,1.54,-0.3,显著低配,False,-7.65,3.11
2026Q2,计算机,-1.88,-0.9107,11.1111,-0.0,0.53,0.0001,5.31,11.7647,-2.82,0.0,-0.73,0.0,0.0,1.0,1.0,-1.88,-0.9107,11.1111,3.04,3.04,0.0,0.0,3.04,37.6,39.76,,-0.26,-0.26,-0.91,0.1574,-14.0488,1.4347,-0.02,-0.31,-0.23,-0.3074,-0.34,1.16,-1.88,显著低配,False,-5.21,5.31
2026Q2,传媒,-0.56,-1.3534,0.0,-0.89,-0.49,0.0,1.87,0.0,-1.05,0.0,-0.62,0.0,0.0,1.0,1.0,-0.56,-1.3534,0.0,0.82,0.82,0.0,0.0,0.82,42.99,43.14,,0.23,0.23,-0.01,-0.4876,-24.6296,-0.2324,-0.09,-0.33,-0.29,-0.3298,-0.54,0.27,-0.56,显著低配,False,-14.71,1.87
2026Q2,通信,6.1,1.8216,100.0,0.04,-0.44,0.0286,8.22,100.0,2.59,1.0,1.6,1.0,1.0,1.0,3.0,6.1,1.8216,100.0,10.82,10.82,2.0,2.0,10.82,77.33,80.23,,0.42,0.42,1.43,0.2079,11.8519,-0.3971,0.1,1.2,1.09,1.2008,1.16,16.92,6.1,极度拥挤,False,63.84,8.22
2026Q2,煤炭,-0.5,1.1345,77.7778,0.32,2.91,0.0,0.58,17.6471,-0.06,0.0,-0.17,0.0,0.0,1.0,1.0,-0.5,1.1345,77.7778,0.85,0.85,0.0,0.0,0.85,41.91,38.71,,-0.82,-0.82,-1.07,1.4144,43.7987,2.3329,0.16,0.2,0.38,0.1972,0.77,0.35,-0.5,显著低配,True,-13.18,0.58
2026Q2,石油石化,-0.73,-0.0458,55.5556,-0.14,-0.63,0.0,0.7,23.5294,-0.14,0.0,-0.09,0.0,0.0,1.0,1.0,-0.73,-0.0458,55.5556,1.21,1.21,0.0,0.0,1.21,33.57,53.28,,-0.37,-0.37,-1.74,0.0234,21.7753,-1.8619,-0.21,-0.12,-0.07,-0.1239,0.22,0.48,-0.73,显著低配,True,-22.2,0.7
2026Q2,环保,0.12,-3.7976,0.0,-0.13,-2.36,0.0,0.87,35.2941,-0.09,0.0,0.11,0.0,0.0,1.0,1.0,0.12,-3.7976,0.0,,0.0,,,0.0,72.73,74.18,,1.43,1.43,-1.23,-3.9369,-43.8982,-3.2147,-0.32,-0.05,-0.13,-0.0463,-0.96,0.12,0.12,中性,False,-3.45,0.87
2026Q2,美容护理,-0.01,-1.0761,0.0,-0.06,-0.51,0.0,0.12,0.0,-0.2,0.0,-0.48,0.0,0.0,1.0,1.0,-0.01,-1.0761,0.0,0.05,0.05,1.0,1.0,0.05,0.0,0.0,,0.24,0.24,1.21,0.0745,-19.8873,-0.0507,0.1,-0.25,-0.33,-0.253,-0.47,0.04,-0.01,中性,False,-17.49,0.12
